Standard Report - Imports,,,
Current date: 11/21/2025 7:43 PM (Eastern Standard Time),,,
Measures: Customs Value (Gen) ($US),,,
Commodity,Country,Time,Customs Value (Gen) ($US)
"8418 Refrigerators, Freezers Etc; Heat Pumps Nesoi, Pts",Canada,2015,"272,368,668"
"8418 Refrigerators, Freezers Etc; Heat Pumps Nesoi, Pts",Canada,Jan-15,"19,224,346"
"8418 Refrigerators, Freezers Etc; Heat Pumps Nesoi, Pts",Canada,Feb-15,"20,437,610"
"8418 Refrigerators, Freezers Etc; Heat Pumps Nesoi, Pts",Canada,Mar-15,"21,314,559"
"8418 Refrigerators, Freezers Etc; Heat Pumps Nesoi, Pts",Canada,Apr-15,"27,340,492"
"8418 Refrigerators, Freezers Etc; Heat Pumps Nesoi, Pts",Canada,May-15,"21,703,438"
"8418 Refrigerators, Freezers Etc; Heat Pumps Nesoi, Pts",Canada,Jun-15,"28,563,712"
"8418 Refrigerators, Freezers Etc; Heat Pumps Nesoi, Pts",Canada,Jul-15,"22,976,292"
"8418 Refrigerators, Freezers Etc; Heat Pumps Nesoi, Pts",Canada,Aug-15,"25,537,874"
"8418 Refrigerators, Freezers Etc; Heat Pumps Nesoi, Pts",Canada,Sep-15,"20,736,317"
"8418 Refrigerators, Freezers Etc; Heat Pumps Nesoi, Pts",Canada,Oct-15,"22,859,847"
"8418 Refrigerators, Freezers Etc; Heat Pumps Nesoi, Pts",Canada,Nov-15,"21,745,630"
"8418 Refrigerators, Freezers Etc; Heat Pumps Nesoi, Pts",Canada,Dec-15,"19,928,551"
"8418 Refrigerators, Freezers Etc; Heat Pumps Nesoi, Pts",Canada,2016,"271,109,337"
"8418 Refrigerators, Freezers Etc; Heat Pumps Nesoi, Pts",Canada,Jan-16,"20,127,259"
"8418 Refrigerators, Freezers Etc; Heat Pumps Nesoi, Pts",Canada,Feb-16,"20,123,818"
"8418 Refrigerators, Freezers Etc; Heat Pumps Nesoi, Pts",Canada,Mar-16,"27,292,295"
"8418 Refrigerators, Freezers Etc; Heat Pumps Nesoi, Pts",Canada,Apr-16,"29,113,681"
"8418 Refrigerators, Freezers Etc; Heat Pumps Nesoi, Pts",Canada,May-16,"25,174,840"
"8418 Refrigerators, Freezers Etc; Heat Pumps Nesoi, Pts",Canada,Jun-16,"22,392,475"
"8418 Refrigerators, Freezers Etc; Heat Pumps Nesoi, Pts",Canada,Jul-16,"19,482,155"
"8418 Refrigerators, Freezers Etc; Heat Pumps Nesoi, Pts",Canada,Aug-16,"18,157,050"
"8418 Refrigerators, Freezers Etc; Heat Pumps Nesoi, Pts",Canada,Sep-16,"21,070,276"
"8418 Refrigerators, Freezers Etc; Heat Pumps Nesoi, Pts",Canada,Oct-16,"24,735,783"
"8418 Refrigerators, Freezers Etc; Heat Pumps Nesoi, Pts",Canada,Nov-16,"28,614,946"
"8418 Refrigerators, Freezers Etc; Heat Pumps Nesoi, Pts",Canada,Dec-16,"14,824,759"
"8418 Refrigerators, Freezers Etc; Heat Pumps Nesoi, Pts",Canada,2017,"301,139,624"
"8418 Refrigerators, Freezers Etc; Heat Pumps Nesoi, Pts",Canada,Jan-17,"19,005,534"
"8418 Refrigerators, Freezers Etc; Heat Pumps Nesoi, Pts",Canada,Feb-17,"21,371,879"
"8418 Refrigerators, Freezers Etc; Heat Pumps Nesoi, Pts",Canada,Mar-17,"25,518,058"
"8418 Refrigerators, Freezers Etc; Heat Pumps Nesoi, Pts",Canada,Apr-17,"32,805,077"
"8418 Refrigerators, Freezers Etc; Heat Pumps Nesoi, Pts",Canada,May-17,"29,376,076"
"8418 Refrigerators, Freezers Etc; Heat Pumps Nesoi, Pts",Canada,Jun-17,"27,468,726"
"8418 Refrigerators, Freezers Etc; Heat Pumps Nesoi, Pts",Canada,Jul-17,"27,051,642"
"8418 Refrigerators, Freezers Etc; Heat Pumps Nesoi, Pts",Canada,Aug-17,"29,276,540"
"8418 Refrigerators, Freezers Etc; Heat Pumps Nesoi, Pts",Canada,Sep-17,"24,312,466"
"8418 Refrigerators, Freezers Etc; Heat Pumps Nesoi, Pts",Canada,Oct-17,"24,449,286"
"8418 Refrigerators, Freezers Etc; Heat Pumps Nesoi, Pts",Canada,Nov-17,"22,025,268"
"8418 Refrigerators, Freezers Etc; Heat Pumps Nesoi, Pts",Canada,Dec-17,"18,479,072"
"8418 Refrigerators, Freezers Etc; Heat Pumps Nesoi, Pts",Canada,2018,"315,582,388"
"8418 Refrigerators, Freezers Etc; Heat Pumps Nesoi, Pts",Canada,Jan-18,"18,990,051"
"8418 Refrigerators, Freezers Etc; Heat Pumps Nesoi, Pts",Canada,Feb-18,"23,416,736"
"8418 Refrigerators, Freezers Etc; Heat Pumps Nesoi, Pts",Canada,Mar-18,"33,861,554"
"8418 Refrigerators, Freezers Etc; Heat Pumps Nesoi, Pts",Canada,Apr-18,"23,792,767"
"8418 Refrigerators, Freezers Etc; Heat Pumps Nesoi, Pts",Canada,May-18,"31,792,329"
"8418 Refrigerators, Freezers Etc; Heat Pumps Nesoi, Pts",Canada,Jun-18,"26,680,672"
"8418 Refrigerators, Freezers Etc; Heat Pumps Nesoi, Pts",Canada,Jul-18,"27,567,086"
"8418 Refrigerators, Freezers Etc; Heat Pumps Nesoi, Pts",Canada,Aug-18,"31,100,613"
"8418 Refrigerators, Freezers Etc; Heat Pumps Nesoi, Pts",Canada,Sep-18,"26,058,976"
"8418 Refrigerators, Freezers Etc; Heat Pumps Nesoi, Pts",Canada,Oct-18,"30,063,588"
"8418 Refrigerators, Freezers Etc; Heat Pumps Nesoi, Pts",Canada,Nov-18,"18,997,256"
"8418 Refrigerators, Freezers Etc; Heat Pumps Nesoi, Pts",Canada,Dec-18,"23,260,760"
"8418 Refrigerators, Freezers Etc; Heat Pumps Nesoi, Pts",Canada,2019,"314,016,681"
"8418 Refrigerators, Freezers Etc; Heat Pumps Nesoi, Pts",Canada,Jan-19,"25,454,254"
"8418 Refrigerators, Freezers Etc; Heat Pumps Nesoi, Pts",Canada,Feb-19,"24,128,918"
"8418 Refrigerators, Freezers Etc; Heat Pumps Nesoi, Pts",Canada,Mar-19,"33,280,219"
"8418 Refrigerators, Freezers Etc; Heat Pumps Nesoi, Pts",Canada,Apr-19,"21,916,129"
"8418 Refrigerators, Freezers Etc; Heat Pumps Nesoi, Pts",Canada,May-19,"33,292,939"
"8418 Refrigerators, Freezers Etc; Heat Pumps Nesoi, Pts",Canada,Jun-19,"33,018,605"
"8418 Refrigerators, Freezers Etc; Heat Pumps Nesoi, Pts",Canada,Jul-19,"26,686,395"
"8418 Refrigerators, Freezers Etc; Heat Pumps Nesoi, Pts",Canada,Aug-19,"26,164,919"
"8418 Refrigerators, Freezers Etc; Heat Pumps Nesoi, Pts",Canada,Sep-19,"26,181,774"
"8418 Refrigerators, Freezers Etc; Heat Pumps Nesoi, Pts",Canada,Oct-19,"24,491,780"
"8418 Refrigerators, Freezers Etc; Heat Pumps Nesoi, Pts",Canada,Nov-19,"20,392,827"
"8418 Refrigerators, Freezers Etc; Heat Pumps Nesoi, Pts",Canada,Dec-19,"19,007,922"
"8418 Refrigerators, Freezers Etc; Heat Pumps Nesoi, Pts",Canada,2020,"303,513,720"
"8418 Refrigerators, Freezers Etc; Heat Pumps Nesoi, Pts",Canada,Jan-20,"27,222,034"
"8418 Refrigerators, Freezers Etc; Heat Pumps Nesoi, Pts",Canada,Feb-20,"29,568,242"
"8418 Refrigerators, Freezers Etc; Heat Pumps Nesoi, Pts",Canada,Mar-20,"33,573,184"
"8418 Refrigerators, Freezers Etc; Heat Pumps Nesoi, Pts",Canada,Apr-20,"19,709,503"
"8418 Refrigerators, Freezers Etc; Heat Pumps Nesoi, Pts",Canada,May-20,"21,056,259"
"8418 Refrigerators, Freezers Etc; Heat Pumps Nesoi, Pts",Canada,Jun-20,"32,764,669"
"8418 Refrigerators, Freezers Etc; Heat Pumps Nesoi, Pts",Canada,Jul-20,"26,344,358"
"8418 Refrigerators, Freezers Etc; Heat Pumps Nesoi, Pts",Canada,Aug-20,"24,616,207"
"8418 Refrigerators, Freezers Etc; Heat Pumps Nesoi, Pts",Canada,Sep-20,"22,896,092"
"8418 Refrigerators, Freezers Etc; Heat Pumps Nesoi, Pts",Canada,Oct-20,"23,041,837"
"8418 Refrigerators, Freezers Etc; Heat Pumps Nesoi, Pts",Canada,Nov-20,"25,721,025"
"8418 Refrigerators, Freezers Etc; Heat Pumps Nesoi, Pts",Canada,Dec-20,"17,000,310"
"8418 Refrigerators, Freezers Etc; Heat Pumps Nesoi, Pts",Canada,2021,"350,580,415"
"8418 Refrigerators, Freezers Etc; Heat Pumps Nesoi, Pts",Canada,Jan-21,"21,600,547"
"8418 Refrigerators, Freezers Etc; Heat Pumps Nesoi, Pts",Canada,Feb-21,"24,120,333"
"8418 Refrigerators, Freezers Etc; Heat Pumps Nesoi, Pts",Canada,Mar-21,"32,199,468"
"8418 Refrigerators, Freezers Etc; Heat Pumps Nesoi, Pts",Canada,Apr-21,"28,066,420"
"8418 Refrigerators, Freezers Etc; Heat Pumps Nesoi, Pts",Canada,May-21,"28,602,147"
"8418 Refrigerators, Freezers Etc; Heat Pumps Nesoi, Pts",Canada,Jun-21,"24,583,203"
"8418 Refrigerators, Freezers Etc; Heat Pumps Nesoi, Pts",Canada,Jul-21,"35,761,455"
"8418 Refrigerators, Freezers Etc; Heat Pumps Nesoi, Pts",Canada,Aug-21,"29,563,621"
"8418 Refrigerators, Freezers Etc; Heat Pumps Nesoi, Pts",Canada,Sep-21,"34,044,050"
"8418 Refrigerators, Freezers Etc; Heat Pumps Nesoi, Pts",Canada,Oct-21,"30,329,836"
"8418 Refrigerators, Freezers Etc; Heat Pumps Nesoi, Pts",Canada,Nov-21,"32,064,978"
"8418 Refrigerators, Freezers Etc; Heat Pumps Nesoi, Pts",Canada,Dec-21,"29,644,357"
"8418 Refrigerators, Freezers Etc; Heat Pumps Nesoi, Pts",Canada,2022,"493,859,332"
"8418 Refrigerators, Freezers Etc; Heat Pumps Nesoi, Pts",Canada,Jan-22,"32,168,139"
"8418 Refrigerators, Freezers Etc; Heat Pumps Nesoi, Pts",Canada,Feb-22,"36,001,024"
"8418 Refrigerators, Freezers Etc; Heat Pumps Nesoi, Pts",Canada,Mar-22,"39,451,608"
"8418 Refrigerators, Freezers Etc; Heat Pumps Nesoi, Pts",Canada,Apr-22,"45,346,292"
"8418 Refrigerators, Freezers Etc; Heat Pumps Nesoi, Pts",Canada,May-22,"42,311,940"
"8418 Refrigerators, Freezers Etc; Heat Pumps Nesoi, Pts",Canada,Jun-22,"46,068,066"
"8418 Refrigerators, Freezers Etc; Heat Pumps Nesoi, Pts",Canada,Jul-22,"33,620,081"
"8418 Refrigerators, Freezers Etc; Heat Pumps Nesoi, Pts",Canada,Aug-22,"36,798,832"
"8418 Refrigerators, Freezers Etc; Heat Pumps Nesoi, Pts",Canada,Sep-22,"39,132,612"
"8418 Refrigerators, Freezers Etc; Heat Pumps Nesoi, Pts",Canada,Oct-22,"56,057,618"
"8418 Refrigerators, Freezers Etc; Heat Pumps Nesoi, Pts",Canada,Nov-22,"45,250,682"
"8418 Refrigerators, Freezers Etc; Heat Pumps Nesoi, Pts",Canada,Dec-22,"41,652,438"
"8418 Refrigerators, Freezers Etc; Heat Pumps Nesoi, Pts",Canada,2023,"518,455,550"
"8418 Refrigerators, Freezers Etc; Heat Pumps Nesoi, Pts",Canada,Jan-23,"43,492,732"
"8418 Refrigerators, Freezers Etc; Heat Pumps Nesoi, Pts",Canada,Feb-23,"50,849,955"
"8418 Refrigerators, Freezers Etc; Heat Pumps Nesoi, Pts",Canada,Mar-23,"47,784,231"
"8418 Refrigerators, Freezers Etc; Heat Pumps Nesoi, Pts",Canada,Apr-23,"43,148,934"
"8418 Refrigerators, Freezers Etc; Heat Pumps Nesoi, Pts",Canada,May-23,"50,669,856"
"8418 Refrigerators, Freezers Etc; Heat Pumps Nesoi, Pts",Canada,Jun-23,"49,596,828"
"8418 Refrigerators, Freezers Etc; Heat Pumps Nesoi, Pts",Canada,Jul-23,"41,209,774"
"8418 Refrigerators, Freezers Etc; Heat Pumps Nesoi, Pts",Canada,Aug-23,"34,915,166"
"8418 Refrigerators, Freezers Etc; Heat Pumps Nesoi, Pts",Canada,Sep-23,"43,622,166"
"8418 Refrigerators, Freezers Etc; Heat Pumps Nesoi, Pts",Canada,Oct-23,"45,200,766"
"8418 Refrigerators, Freezers Etc; Heat Pumps Nesoi, Pts",Canada,Nov-23,"33,726,734"
"8418 Refrigerators, Freezers Etc; Heat Pumps Nesoi, Pts",Canada,Dec-23,"34,238,408"
"8418 Refrigerators, Freezers Etc; Heat Pumps Nesoi, Pts",Canada,2024,"533,854,338"
"8418 Refrigerators, Freezers Etc; Heat Pumps Nesoi, Pts",Canada,Jan-24,"39,248,286"
"8418 Refrigerators, Freezers Etc; Heat Pumps Nesoi, Pts",Canada,Feb-24,"38,394,188"
"8418 Refrigerators, Freezers Etc; Heat Pumps Nesoi, Pts",Canada,Mar-24,"41,763,240"
"8418 Refrigerators, Freezers Etc; Heat Pumps Nesoi, Pts",Canada,Apr-24,"33,300,187"
"8418 Refrigerators, Freezers Etc; Heat Pumps Nesoi, Pts",Canada,May-24,"46,317,640"
"8418 Refrigerators, Freezers Etc; Heat Pumps Nesoi, Pts",Canada,Jun-24,"48,501,047"
"8418 Refrigerators, Freezers Etc; Heat Pumps Nesoi, Pts",Canada,Jul-24,"51,122,460"
"8418 Refrigerators, Freezers Etc; Heat Pumps Nesoi, Pts",Canada,Aug-24,"42,158,492"
"8418 Refrigerators, Freezers Etc; Heat Pumps Nesoi, Pts",Canada,Sep-24,"41,402,202"
"8418 Refrigerators, Freezers Etc; Heat Pumps Nesoi, Pts",Canada,Oct-24,"56,188,340"
"8418 Refrigerators, Freezers Etc; Heat Pumps Nesoi, Pts",Canada,Nov-24,"49,769,650"
"8418 Refrigerators, Freezers Etc; Heat Pumps Nesoi, Pts",Canada,Dec-24,"45,688,606"
"8418 Refrigerators, Freezers Etc; Heat Pumps Nesoi, Pts",Canada,2025 through August,"366,702,970"
"8418 Refrigerators, Freezers Etc; Heat Pumps Nesoi, Pts",Canada,Jan-25,"35,708,486"
"8418 Refrigerators, Freezers Etc; Heat Pumps Nesoi, Pts",Canada,Feb-25,"46,705,751"
"8418 Refrigerators, Freezers Etc; Heat Pumps Nesoi, Pts",Canada,Mar-25,"68,184,599"
"8418 Refrigerators, Freezers Etc; Heat Pumps Nesoi, Pts",Canada,Apr-25,"41,161,742"
"8418 Refrigerators, Freezers Etc; Heat Pumps Nesoi, Pts",Canada,May-25,"39,225,180"
"8418 Refrigerators, Freezers Etc; Heat Pumps Nesoi, Pts",Canada,Jun-25,"44,190,812"
"8418 Refrigerators, Freezers Etc; Heat Pumps Nesoi, Pts",Canada,Jul-25,"46,807,214"
"8418 Refrigerators, Freezers Etc; Heat Pumps Nesoi, Pts",Canada,Aug-25,"44,719,186"
"8418 Refrigerators, Freezers Etc; Heat Pumps Nesoi, Pts",China,2015,"1,678,262,613"
"8418 Refrigerators, Freezers Etc; Heat Pumps Nesoi, Pts",China,Jan-15,"101,996,430"
"8418 Refrigerators, Freezers Etc; Heat Pumps Nesoi, Pts",China,Feb-15,"84,442,991"
"8418 Refrigerators, Freezers Etc; Heat Pumps Nesoi, Pts",China,Mar-15,"123,996,016"
"8418 Refrigerators, Freezers Etc; Heat Pumps Nesoi, Pts",China,Apr-15,"144,354,317"
"8418 Refrigerators, Freezers Etc; Heat Pumps Nesoi, Pts",China,May-15,"167,557,137"
"8418 Refrigerators, Freezers Etc; Heat Pumps Nesoi, Pts",China,Jun-15,"183,701,304"
"8418 Refrigerators, Freezers Etc; Heat Pumps Nesoi, Pts",China,Jul-15,"164,483,090"
"8418 Refrigerators, Freezers Etc; Heat Pumps Nesoi, Pts",China,Aug-15,"162,472,682"
"8418 Refrigerators, Freezers Etc; Heat Pumps Nesoi, Pts",China,Sep-15,"145,327,461"
"8418 Refrigerators, Freezers Etc; Heat Pumps Nesoi, Pts",China,Oct-15,"153,049,226"
"8418 Refrigerators, Freezers Etc; Heat Pumps Nesoi, Pts",China,Nov-15,"130,812,965"
"8418 Refrigerators, Freezers Etc; Heat Pumps Nesoi, Pts",China,Dec-15,"116,068,994"
"8418 Refrigerators, Freezers Etc; Heat Pumps Nesoi, Pts",China,2016,"1,846,758,845"
"8418 Refrigerators, Freezers Etc; Heat Pumps Nesoi, Pts",China,Jan-16,"122,640,222"
"8418 Refrigerators, Freezers Etc; Heat Pumps Nesoi, Pts",China,Feb-16,"122,689,538"
"8418 Refrigerators, Freezers Etc; Heat Pumps Nesoi, Pts",China,Mar-16,"119,652,040"
"8418 Refrigerators, Freezers Etc; Heat Pumps Nesoi, Pts",China,Apr-16,"151,371,593"
"8418 Refrigerators, Freezers Etc; Heat Pumps Nesoi, Pts",China,May-16,"167,158,095"
"8418 Refrigerators, Freezers Etc; Heat Pumps Nesoi, Pts",China,Jun-16,"189,203,482"
"8418 Refrigerators, Freezers Etc; Heat Pumps Nesoi, Pts",China,Jul-16,"166,884,936"
"8418 Refrigerators, Freezers Etc; Heat Pumps Nesoi, Pts",China,Aug-16,"165,672,864"
"8418 Refrigerators, Freezers Etc; Heat Pumps Nesoi, Pts",China,Sep-16,"148,452,340"
"8418 Refrigerators, Freezers Etc; Heat Pumps Nesoi, Pts",China,Oct-16,"163,504,129"
"8418 Refrigerators, Freezers Etc; Heat Pumps Nesoi, Pts",China,Nov-16,"164,798,374"
"8418 Refrigerators, Freezers Etc; Heat Pumps Nesoi, Pts",China,Dec-16,"164,731,232"
"8418 Refrigerators, Freezers Etc; Heat Pumps Nesoi, Pts",China,2017,"2,014,184,635"
"8418 Refrigerators, Freezers Etc; Heat Pumps Nesoi, Pts",China,Jan-17,"139,782,972"
"8418 Refrigerators, Freezers Etc; Heat Pumps Nesoi, Pts",China,Feb-17,"142,086,247"
"8418 Refrigerators, Freezers Etc; Heat Pumps Nesoi, Pts",China,Mar-17,"123,890,607"
"8418 Refrigerators, Freezers Etc; Heat Pumps Nesoi, Pts",China,Apr-17,"149,384,353"
"8418 Refrigerators, Freezers Etc; Heat Pumps Nesoi, Pts",China,May-17,"187,361,757"
"8418 Refrigerators, Freezers Etc; Heat Pumps Nesoi, Pts",China,Jun-17,"205,901,539"
"8418 Refrigerators, Freezers Etc; Heat Pumps Nesoi, Pts",China,Jul-17,"188,701,707"
"8418 Refrigerators, Freezers Etc; Heat Pumps Nesoi, Pts",China,Aug-17,"172,089,537"
"8418 Refrigerators, Freezers Etc; Heat Pumps Nesoi, Pts",China,Sep-17,"179,079,754"
"8418 Refrigerators, Freezers Etc; Heat Pumps Nesoi, Pts",China,Oct-17,"184,247,513"
"8418 Refrigerators, Freezers Etc; Heat Pumps Nesoi, Pts",China,Nov-17,"170,436,943"
"8418 Refrigerators, Freezers Etc; Heat Pumps Nesoi, Pts",China,Dec-17,"171,221,706"
"8418 Refrigerators, Freezers Etc; Heat Pumps Nesoi, Pts",China,2018,"2,370,026,415"
"8418 Refrigerators, Freezers Etc; Heat Pumps Nesoi, Pts",China,Jan-18,"162,783,160"
"8418 Refrigerators, Freezers Etc; Heat Pumps Nesoi, Pts",China,Feb-18,"136,776,701"
"8418 Refrigerators, Freezers Etc; Heat Pumps Nesoi, Pts",China,Mar-18,"142,753,648"
"8418 Refrigerators, Freezers Etc; Heat Pumps Nesoi, Pts",China,Apr-18,"167,428,159"
"8418 Refrigerators, Freezers Etc; Heat Pumps Nesoi, Pts",China,May-18,"210,169,655"
"8418 Refrigerators, Freezers Etc; Heat Pumps Nesoi, Pts",China,Jun-18,"237,797,540"
"8418 Refrigerators, Freezers Etc; Heat Pumps Nesoi, Pts",China,Jul-18,"238,371,295"
"8418 Refrigerators, Freezers Etc; Heat Pumps Nesoi, Pts",China,Aug-18,"230,707,424"
"8418 Refrigerators, Freezers Etc; Heat Pumps Nesoi, Pts",China,Sep-18,"217,877,587"
"8418 Refrigerators, Freezers Etc; Heat Pumps Nesoi, Pts",China,Oct-18,"227,441,639"
"8418 Refrigerators, Freezers Etc; Heat Pumps Nesoi, Pts",China,Nov-18,"193,191,124"
"8418 Refrigerators, Freezers Etc; Heat Pumps Nesoi, Pts",China,Dec-18,"204,728,483"
"8418 Refrigerators, Freezers Etc; Heat Pumps Nesoi, Pts",China,2019,"1,783,981,711"
"8418 Refrigerators, Freezers Etc; Heat Pumps Nesoi, Pts",China,Jan-19,"127,368,234"
"8418 Refrigerators, Freezers Etc; Heat Pumps Nesoi, Pts",China,Feb-19,"98,600,376"
"8418 Refrigerators, Freezers Etc; Heat Pumps Nesoi, Pts",China,Mar-19,"113,929,207"
"8418 Refrigerators, Freezers Etc; Heat Pumps Nesoi, Pts",China,Apr-19,"131,631,909"
"8418 Refrigerators, Freezers Etc; Heat Pumps Nesoi, Pts",China,May-19,"177,916,823"
"8418 Refrigerators, Freezers Etc; Heat Pumps Nesoi, Pts",China,Jun-19,"173,443,007"
"8418 Refrigerators, Freezers Etc; Heat Pumps Nesoi, Pts",China,Jul-19,"179,114,277"
"8418 Refrigerators, Freezers Etc; Heat Pumps Nesoi, Pts",China,Aug-19,"159,949,447"
"8418 Refrigerators, Freezers Etc; Heat Pumps Nesoi, Pts",China,Sep-19,"178,947,156"
"8418 Refrigerators, Freezers Etc; Heat Pumps Nesoi, Pts",China,Oct-19,"156,018,079"
"8418 Refrigerators, Freezers Etc; Heat Pumps Nesoi, Pts",China,Nov-19,"144,784,924"
"8418 Refrigerators, Freezers Etc; Heat Pumps Nesoi, Pts",China,Dec-19,"142,278,272"
"8418 Refrigerators, Freezers Etc; Heat Pumps Nesoi, Pts",China,2020,"2,587,189,182"
"8418 Refrigerators, Freezers Etc; Heat Pumps Nesoi, Pts",China,Jan-20,"149,043,599"
"8418 Refrigerators, Freezers Etc; Heat Pumps Nesoi, Pts",China,Feb-20,"107,984,334"
"8418 Refrigerators, Freezers Etc; Heat Pumps Nesoi, Pts",China,Mar-20,"75,639,354"
"8418 Refrigerators, Freezers Etc; Heat Pumps Nesoi, Pts",China,Apr-20,"145,299,647"
"8418 Refrigerators, Freezers Etc; Heat Pumps Nesoi, Pts",China,May-20,"197,003,169"
"8418 Refrigerators, Freezers Etc; Heat Pumps Nesoi, Pts",China,Jun-20,"234,777,986"
"8418 Refrigerators, Freezers Etc; Heat Pumps Nesoi, Pts",China,Jul-20,"259,900,758"
"8418 Refrigerators, Freezers Etc; Heat Pumps Nesoi, Pts",China,Aug-20,"259,425,252"
"8418 Refrigerators, Freezers Etc; Heat Pumps Nesoi, Pts",China,Sep-20,"270,614,337"
"8418 Refrigerators, Freezers Etc; Heat Pumps Nesoi, Pts",China,Oct-20,"290,284,435"
"8418 Refrigerators, Freezers Etc; Heat Pumps Nesoi, Pts",China,Nov-20,"293,956,887"
"8418 Refrigerators, Freezers Etc; Heat Pumps Nesoi, Pts",China,Dec-20,"303,259,424"
"8418 Refrigerators, Freezers Etc; Heat Pumps Nesoi, Pts",China,2021,"3,043,267,175"
"8418 Refrigerators, Freezers Etc; Heat Pumps Nesoi, Pts",China,Jan-21,"304,448,263"
"8418 Refrigerators, Freezers Etc; Heat Pumps Nesoi, Pts",China,Feb-21,"227,684,489"
"8418 Refrigerators, Freezers Etc; Heat Pumps Nesoi, Pts",China,Mar-21,"258,544,044"
"8418 Refrigerators, Freezers Etc; Heat Pumps Nesoi, Pts",China,Apr-21,"246,748,516"
"8418 Refrigerators, Freezers Etc; Heat Pumps Nesoi, Pts",China,May-21,"253,900,224"
"8418 Refrigerators, Freezers Etc; Heat Pumps Nesoi, Pts",China,Jun-21,"236,252,363"
"8418 Refrigerators, Freezers Etc; Heat Pumps Nesoi, Pts",China,Jul-21,"216,121,156"
"8418 Refrigerators, Freezers Etc; Heat Pumps Nesoi, Pts",China,Aug-21,"256,895,351"
"8418 Refrigerators, Freezers Etc; Heat Pumps Nesoi, Pts",China,Sep-21,"236,105,982"
"8418 Refrigerators, Freezers Etc; Heat Pumps Nesoi, Pts",China,Oct-21,"268,812,139"
"8418 Refrigerators, Freezers Etc; Heat Pumps Nesoi, Pts",China,Nov-21,"274,888,218"
"8418 Refrigerators, Freezers Etc; Heat Pumps Nesoi, Pts",China,Dec-21,"262,866,430"
"8418 Refrigerators, Freezers Etc; Heat Pumps Nesoi, Pts",China,2022,"2,900,520,077"
"8418 Refrigerators, Freezers Etc; Heat Pumps Nesoi, Pts",China,Jan-22,"284,396,170"
"8418 Refrigerators, Freezers Etc; Heat Pumps Nesoi, Pts",China,Feb-22,"241,909,782"
"8418 Refrigerators, Freezers Etc; Heat Pumps Nesoi, Pts",China,Mar-22,"268,364,241"
"8418 Refrigerators, Freezers Etc; Heat Pumps Nesoi, Pts",China,Apr-22,"306,109,720"
"8418 Refrigerators, Freezers Etc; Heat Pumps Nesoi, Pts",China,May-22,"306,211,064"
"8418 Refrigerators, Freezers Etc; Heat Pumps Nesoi, Pts",China,Jun-22,"262,088,023"
"8418 Refrigerators, Freezers Etc; Heat Pumps Nesoi, Pts",China,Jul-22,"255,176,037"
"8418 Refrigerators, Freezers Etc; Heat Pumps Nesoi, Pts",China,Aug-22,"252,098,580"
"8418 Refrigerators, Freezers Etc; Heat Pumps Nesoi, Pts",China,Sep-22,"213,814,628"
"8418 Refrigerators, Freezers Etc; Heat Pumps Nesoi, Pts",China,Oct-22,"198,880,974"
"8418 Refrigerators, Freezers Etc; Heat Pumps Nesoi, Pts",China,Nov-22,"155,159,438"
"8418 Refrigerators, Freezers Etc; Heat Pumps Nesoi, Pts",China,Dec-22,"156,311,420"
"8418 Refrigerators, Freezers Etc; Heat Pumps Nesoi, Pts",China,2023,"2,213,494,442"
"8418 Refrigerators, Freezers Etc; Heat Pumps Nesoi, Pts",China,Jan-23,"160,772,409"
"8418 Refrigerators, Freezers Etc; Heat Pumps Nesoi, Pts",China,Feb-23,"140,306,729"
"8418 Refrigerators, Freezers Etc; Heat Pumps Nesoi, Pts",China,Mar-23,"138,983,142"
"8418 Refrigerators, Freezers Etc; Heat Pumps Nesoi, Pts",China,Apr-23,"176,550,639"
"8418 Refrigerators, Freezers Etc; Heat Pumps Nesoi, Pts",China,May-23,"184,127,027"
"8418 Refrigerators, Freezers Etc; Heat Pumps Nesoi, Pts",China,Jun-23,"183,979,306"
"8418 Refrigerators, Freezers Etc; Heat Pumps Nesoi, Pts",China,Jul-23,"177,997,410"
"8418 Refrigerators, Freezers Etc; Heat Pumps Nesoi, Pts",China,Aug-23,"184,886,572"
"8418 Refrigerators, Freezers Etc; Heat Pumps Nesoi, Pts",China,Sep-23,"207,171,360"
"8418 Refrigerators, Freezers Etc; Heat Pumps Nesoi, Pts",China,Oct-23,"235,828,018"
"8418 Refrigerators, Freezers Etc; Heat Pumps Nesoi, Pts",China,Nov-23,"213,309,857"
"8418 Refrigerators, Freezers Etc; Heat Pumps Nesoi, Pts",China,Dec-23,"209,581,973"
"8418 Refrigerators, Freezers Etc; Heat Pumps Nesoi, Pts",China,2024,"2,595,274,074"
"8418 Refrigerators, Freezers Etc; Heat Pumps Nesoi, Pts",China,Jan-24,"219,485,450"
"8418 Refrigerators, Freezers Etc; Heat Pumps Nesoi, Pts",China,Feb-24,"191,794,899"
"8418 Refrigerators, Freezers Etc; Heat Pumps Nesoi, Pts",China,Mar-24,"164,801,020"
"8418 Refrigerators, Freezers Etc; Heat Pumps Nesoi, Pts",China,Apr-24,"178,561,439"
"8418 Refrigerators, Freezers Etc; Heat Pumps Nesoi, Pts",China,May-24,"208,343,320"
"8418 Refrigerators, Freezers Etc; Heat Pumps Nesoi, Pts",China,Jun-24,"203,930,265"
"8418 Refrigerators, Freezers Etc; Heat Pumps Nesoi, Pts",China,Jul-24,"238,465,985"
"8418 Refrigerators, Freezers Etc; Heat Pumps Nesoi, Pts",China,Aug-24,"248,160,362"
"8418 Refrigerators, Freezers Etc; Heat Pumps Nesoi, Pts",China,Sep-24,"242,573,046"
"8418 Refrigerators, Freezers Etc; Heat Pumps Nesoi, Pts",China,Oct-24,"244,383,569"
"8418 Refrigerators, Freezers Etc; Heat Pumps Nesoi, Pts",China,Nov-24,"227,677,334"
"8418 Refrigerators, Freezers Etc; Heat Pumps Nesoi, Pts",China,Dec-24,"227,097,385"
"8418 Refrigerators, Freezers Etc; Heat Pumps Nesoi, Pts",China,2025 through August,"1,464,663,605"
"8418 Refrigerators, Freezers Etc; Heat Pumps Nesoi, Pts",China,Jan-25,"233,744,609"
"8418 Refrigerators, Freezers Etc; Heat Pumps Nesoi, Pts",China,Feb-25,"222,504,014"
"8418 Refrigerators, Freezers Etc; Heat Pumps Nesoi, Pts",China,Mar-25,"186,703,769"
"8418 Refrigerators, Freezers Etc; Heat Pumps Nesoi, Pts",China,Apr-25,"210,616,412"
"8418 Refrigerators, Freezers Etc; Heat Pumps Nesoi, Pts",China,May-25,"148,600,359"
"8418 Refrigerators, Freezers Etc; Heat Pumps Nesoi, Pts",China,Jun-25,"89,839,076"
"8418 Refrigerators, Freezers Etc; Heat Pumps Nesoi, Pts",China,Jul-25,"190,087,701"
"8418 Refrigerators, Freezers Etc; Heat Pumps Nesoi, Pts",China,Aug-25,"182,567,665"
"8418 Refrigerators, Freezers Etc; Heat Pumps Nesoi, Pts",Mexico,2015,"4,112,926,856"
"8418 Refrigerators, Freezers Etc; Heat Pumps Nesoi, Pts",Mexico,Jan-15,"268,937,211"
"8418 Refrigerators, Freezers Etc; Heat Pumps Nesoi, Pts",Mexico,Feb-15,"254,506,354"
"8418 Refrigerators, Freezers Etc; Heat Pumps Nesoi, Pts",Mexico,Mar-15,"314,179,565"
"8418 Refrigerators, Freezers Etc; Heat Pumps Nesoi, Pts",Mexico,Apr-15,"333,328,743"
"8418 Refrigerators, Freezers Etc; Heat Pumps Nesoi, Pts",Mexico,May-15,"380,101,263"
"8418 Refrigerators, Freezers Etc; Heat Pumps Nesoi, Pts",Mexico,Jun-15,"397,901,208"
"8418 Refrigerators, Freezers Etc; Heat Pumps Nesoi, Pts",Mexico,Jul-15,"420,982,204"
"8418 Refrigerators, Freezers Etc; Heat Pumps Nesoi, Pts",Mexico,Aug-15,"381,316,880"
"8418 Refrigerators, Freezers Etc; Heat Pumps Nesoi, Pts",Mexico,Sep-15,"370,928,317"
"8418 Refrigerators, Freezers Etc; Heat Pumps Nesoi, Pts",Mexico,Oct-15,"404,058,661"
"8418 Refrigerators, Freezers Etc; Heat Pumps Nesoi, Pts",Mexico,Nov-15,"329,971,390"
"8418 Refrigerators, Freezers Etc; Heat Pumps Nesoi, Pts",Mexico,Dec-15,"256,715,060"
"8418 Refrigerators, Freezers Etc; Heat Pumps Nesoi, Pts",Mexico,2016,"4,183,001,301"
"8418 Refrigerators, Freezers Etc; Heat Pumps Nesoi, Pts",Mexico,Jan-16,"255,649,012"
"8418 Refrigerators, Freezers Etc; Heat Pumps Nesoi, Pts",Mexico,Feb-16,"304,926,713"
"8418 Refrigerators, Freezers Etc; Heat Pumps Nesoi, Pts",Mexico,Mar-16,"342,341,040"
"8418 Refrigerators, Freezers Etc; Heat Pumps Nesoi, Pts",Mexico,Apr-16,"341,451,769"
"8418 Refrigerators, Freezers Etc; Heat Pumps Nesoi, Pts",Mexico,May-16,"383,907,737"
"8418 Refrigerators, Freezers Etc; Heat Pumps Nesoi, Pts",Mexico,Jun-16,"399,242,994"
"8418 Refrigerators, Freezers Etc; Heat Pumps Nesoi, Pts",Mexico,Jul-16,"369,471,873"
"8418 Refrigerators, Freezers Etc; Heat Pumps Nesoi, Pts",Mexico,Aug-16,"391,175,279"
"8418 Refrigerators, Freezers Etc; Heat Pumps Nesoi, Pts",Mexico,Sep-16,"382,855,436"
"8418 Refrigerators, Freezers Etc; Heat Pumps Nesoi, Pts",Mexico,Oct-16,"363,960,593"
"8418 Refrigerators, Freezers Etc; Heat Pumps Nesoi, Pts",Mexico,Nov-16,"358,954,929"
"8418 Refrigerators, Freezers Etc; Heat Pumps Nesoi, Pts",Mexico,Dec-16,"289,063,926"
"8418 Refrigerators, Freezers Etc; Heat Pumps Nesoi, Pts",Mexico,2017,"4,244,041,119"
"8418 Refrigerators, Freezers Etc; Heat Pumps Nesoi, Pts",Mexico,Jan-17,"265,365,555"
"8418 Refrigerators, Freezers Etc; Heat Pumps Nesoi, Pts",Mexico,Feb-17,"283,883,059"
"8418 Refrigerators, Freezers Etc; Heat Pumps Nesoi, Pts",Mexico,Mar-17,"325,490,961"
"8418 Refrigerators, Freezers Etc; Heat Pumps Nesoi, Pts",Mexico,Apr-17,"352,913,707"
"8418 Refrigerators, Freezers Etc; Heat Pumps Nesoi, Pts",Mexico,May-17,"385,184,485"
"8418 Refrigerators, Freezers Etc; Heat Pumps Nesoi, Pts",Mexico,Jun-17,"402,863,792"
"8418 Refrigerators, Freezers Etc; Heat Pumps Nesoi, Pts",Mexico,Jul-17,"370,264,732"
"8418 Refrigerators, Freezers Etc; Heat Pumps Nesoi, Pts",Mexico,Aug-17,"376,667,794"
"8418 Refrigerators, Freezers Etc; Heat Pumps Nesoi, Pts",Mexico,Sep-17,"378,188,730"
"8418 Refrigerators, Freezers Etc; Heat Pumps Nesoi, Pts",Mexico,Oct-17,"408,394,415"
"8418 Refrigerators, Freezers Etc; Heat Pumps Nesoi, Pts",Mexico,Nov-17,"388,245,389"
"8418 Refrigerators, Freezers Etc; Heat Pumps Nesoi, Pts",Mexico,Dec-17,"306,578,500"
"8418 Refrigerators, Freezers Etc; Heat Pumps Nesoi, Pts",Mexico,2018,"4,449,062,706"
"8418 Refrigerators, Freezers Etc; Heat Pumps Nesoi, Pts",Mexico,Jan-18,"271,951,819"
"8418 Refrigerators, Freezers Etc; Heat Pumps Nesoi, Pts",Mexico,Feb-18,"271,495,270"
"8418 Refrigerators, Freezers Etc; Heat Pumps Nesoi, Pts",Mexico,Mar-18,"344,991,064"
"8418 Refrigerators, Freezers Etc; Heat Pumps Nesoi, Pts",Mexico,Apr-18,"373,335,326"
"8418 Refrigerators, Freezers Etc; Heat Pumps Nesoi, Pts",Mexico,May-18,"421,905,929"
"8418 Refrigerators, Freezers Etc; Heat Pumps Nesoi, Pts",Mexico,Jun-18,"407,172,298"
"8418 Refrigerators, Freezers Etc; Heat Pumps Nesoi, Pts",Mexico,Jul-18,"391,651,645"
"8418 Refrigerators, Freezers Etc; Heat Pumps Nesoi, Pts",Mexico,Aug-18,"388,162,351"
"8418 Refrigerators, Freezers Etc; Heat Pumps Nesoi, Pts",Mexico,Sep-18,"390,944,547"
"8418 Refrigerators, Freezers Etc; Heat Pumps Nesoi, Pts",Mexico,Oct-18,"452,133,387"
"8418 Refrigerators, Freezers Etc; Heat Pumps Nesoi, Pts",Mexico,Nov-18,"403,116,792"
"8418 Refrigerators, Freezers Etc; Heat Pumps Nesoi, Pts",Mexico,Dec-18,"332,202,278"
"8418 Refrigerators, Freezers Etc; Heat Pumps Nesoi, Pts",Mexico,2019,"4,399,552,411"
"8418 Refrigerators, Freezers Etc; Heat Pumps Nesoi, Pts",Mexico,Jan-19,"294,231,257"
"8418 Refrigerators, Freezers Etc; Heat Pumps Nesoi, Pts",Mexico,Feb-19,"332,357,756"
"8418 Refrigerators, Freezers Etc; Heat Pumps Nesoi, Pts",Mexico,Mar-19,"363,668,967"
"8418 Refrigerators, Freezers Etc; Heat Pumps Nesoi, Pts",Mexico,Apr-19,"361,753,117"
"8418 Refrigerators, Freezers Etc; Heat Pumps Nesoi, Pts",Mexico,May-19,"442,024,435"
"8418 Refrigerators, Freezers Etc; Heat Pumps Nesoi, Pts",Mexico,Jun-19,"413,920,788"
"8418 Refrigerators, Freezers Etc; Heat Pumps Nesoi, Pts",Mexico,Jul-19,"402,885,990"
"8418 Refrigerators, Freezers Etc; Heat Pumps Nesoi, Pts",Mexico,Aug-19,"402,466,027"
"8418 Refrigerators, Freezers Etc; Heat Pumps Nesoi, Pts",Mexico,Sep-19,"390,493,720"
"8418 Refrigerators, Freezers Etc; Heat Pumps Nesoi, Pts",Mexico,Oct-19,"360,537,127"
"8418 Refrigerators, Freezers Etc; Heat Pumps Nesoi, Pts",Mexico,Nov-19,"337,977,313"
"8418 Refrigerators, Freezers Etc; Heat Pumps Nesoi, Pts",Mexico,Dec-19,"297,235,914"
"8418 Refrigerators, Freezers Etc; Heat Pumps Nesoi, Pts",Mexico,2020,"4,343,066,642"
"8418 Refrigerators, Freezers Etc; Heat Pumps Nesoi, Pts",Mexico,Jan-20,"244,829,916"
"8418 Refrigerators, Freezers Etc; Heat Pumps Nesoi, Pts",Mexico,Feb-20,"321,534,911"
"8418 Refrigerators, Freezers Etc; Heat Pumps Nesoi, Pts",Mexico,Mar-20,"361,403,395"
"8418 Refrigerators, Freezers Etc; Heat Pumps Nesoi, Pts",Mexico,Apr-20,"326,882,435"
"8418 Refrigerators, Freezers Etc; Heat Pumps Nesoi, Pts",Mexico,May-20,"269,480,491"
"8418 Refrigerators, Freezers Etc; Heat Pumps Nesoi, Pts",Mexico,Jun-20,"378,454,229"
"8418 Refrigerators, Freezers Etc; Heat Pumps Nesoi, Pts",Mexico,Jul-20,"425,792,287"
"8418 Refrigerators, Freezers Etc; Heat Pumps Nesoi, Pts",Mexico,Aug-20,"417,168,317"
"8418 Refrigerators, Freezers Etc; Heat Pumps Nesoi, Pts",Mexico,Sep-20,"398,993,193"
"8418 Refrigerators, Freezers Etc; Heat Pumps Nesoi, Pts",Mexico,Oct-20,"441,923,865"
"8418 Refrigerators, Freezers Etc; Heat Pumps Nesoi, Pts",Mexico,Nov-20,"395,928,361"
"8418 Refrigerators, Freezers Etc; Heat Pumps Nesoi, Pts",Mexico,Dec-20,"360,675,242"
"8418 Refrigerators, Freezers Etc; Heat Pumps Nesoi, Pts",Mexico,2021,"5,098,611,856"
"8418 Refrigerators, Freezers Etc; Heat Pumps Nesoi, Pts",Mexico,Jan-21,"375,951,159"
"8418 Refrigerators, Freezers Etc; Heat Pumps Nesoi, Pts",Mexico,Feb-21,"351,514,712"
"8418 Refrigerators, Freezers Etc; Heat Pumps Nesoi, Pts",Mexico,Mar-21,"432,029,210"
"8418 Refrigerators, Freezers Etc; Heat Pumps Nesoi, Pts",Mexico,Apr-21,"382,351,192"
"8418 Refrigerators, Freezers Etc; Heat Pumps Nesoi, Pts",Mexico,May-21,"383,300,615"
"8418 Refrigerators, Freezers Etc; Heat Pumps Nesoi, Pts",Mexico,Jun-21,"434,281,971"
"8418 Refrigerators, Freezers Etc; Heat Pumps Nesoi, Pts",Mexico,Jul-21,"474,136,167"
"8418 Refrigerators, Freezers Etc; Heat Pumps Nesoi, Pts",Mexico,Aug-21,"450,843,975"
"8418 Refrigerators, Freezers Etc; Heat Pumps Nesoi, Pts",Mexico,Sep-21,"471,656,342"
"8418 Refrigerators, Freezers Etc; Heat Pumps Nesoi, Pts",Mexico,Oct-21,"483,488,272"
"8418 Refrigerators, Freezers Etc; Heat Pumps Nesoi, Pts",Mexico,Nov-21,"447,576,000"
"8418 Refrigerators, Freezers Etc; Heat Pumps Nesoi, Pts",Mexico,Dec-21,"411,482,241"
"8418 Refrigerators, Freezers Etc; Heat Pumps Nesoi, Pts",Mexico,2022,"6,048,560,865"
"8418 Refrigerators, Freezers Etc; Heat Pumps Nesoi, Pts",Mexico,Jan-22,"445,911,816"
"8418 Refrigerators, Freezers Etc; Heat Pumps Nesoi, Pts",Mexico,Feb-22,"433,795,187"
"8418 Refrigerators, Freezers Etc; Heat Pumps Nesoi, Pts",Mexico,Mar-22,"527,769,664"
"8418 Refrigerators, Freezers Etc; Heat Pumps Nesoi, Pts",Mexico,Apr-22,"507,300,255"
"8418 Refrigerators, Freezers Etc; Heat Pumps Nesoi, Pts",Mexico,May-22,"526,868,594"
"8418 Refrigerators, Freezers Etc; Heat Pumps Nesoi, Pts",Mexico,Jun-22,"588,621,046"
"8418 Refrigerators, Freezers Etc; Heat Pumps Nesoi, Pts",Mexico,Jul-22,"557,027,134"
"8418 Refrigerators, Freezers Etc; Heat Pumps Nesoi, Pts",Mexico,Aug-22,"525,690,200"
"8418 Refrigerators, Freezers Etc; Heat Pumps Nesoi, Pts",Mexico,Sep-22,"516,238,926"
"8418 Refrigerators, Freezers Etc; Heat Pumps Nesoi, Pts",Mexico,Oct-22,"521,884,073"
"8418 Refrigerators, Freezers Etc; Heat Pumps Nesoi, Pts",Mexico,Nov-22,"467,624,447"
"8418 Refrigerators, Freezers Etc; Heat Pumps Nesoi, Pts",Mexico,Dec-22,"429,829,523"
"8418 Refrigerators, Freezers Etc; Heat Pumps Nesoi, Pts",Mexico,2023,"6,216,144,138"
"8418 Refrigerators, Freezers Etc; Heat Pumps Nesoi, Pts",Mexico,Jan-23,"431,938,944"
"8418 Refrigerators, Freezers Etc; Heat Pumps Nesoi, Pts",Mexico,Feb-23,"492,195,867"
"8418 Refrigerators, Freezers Etc; Heat Pumps Nesoi, Pts",Mexico,Mar-23,"574,228,726"
"8418 Refrigerators, Freezers Etc; Heat Pumps Nesoi, Pts",Mexico,Apr-23,"485,616,521"
"8418 Refrigerators, Freezers Etc; Heat Pumps Nesoi, Pts",Mexico,May-23,"529,141,010"
"8418 Refrigerators, Freezers Etc; Heat Pumps Nesoi, Pts",Mexico,Jun-23,"541,850,709"
"8418 Refrigerators, Freezers Etc; Heat Pumps Nesoi, Pts",Mexico,Jul-23,"544,345,740"
"8418 Refrigerators, Freezers Etc; Heat Pumps Nesoi, Pts",Mexico,Aug-23,"582,782,971"
"8418 Refrigerators, Freezers Etc; Heat Pumps Nesoi, Pts",Mexico,Sep-23,"510,346,363"
"8418 Refrigerators, Freezers Etc; Heat Pumps Nesoi, Pts",Mexico,Oct-23,"572,746,431"
"8418 Refrigerators, Freezers Etc; Heat Pumps Nesoi, Pts",Mexico,Nov-23,"526,224,357"
"8418 Refrigerators, Freezers Etc; Heat Pumps Nesoi, Pts",Mexico,Dec-23,"424,726,499"
"8418 Refrigerators, Freezers Etc; Heat Pumps Nesoi, Pts",Mexico,2024,"6,024,177,080"
"8418 Refrigerators, Freezers Etc; Heat Pumps Nesoi, Pts",Mexico,Jan-24,"422,221,449"
"8418 Refrigerators, Freezers Etc; Heat Pumps Nesoi, Pts",Mexico,Feb-24,"468,701,662"
"8418 Refrigerators, Freezers Etc; Heat Pumps Nesoi, Pts",Mexico,Mar-24,"498,095,285"
"8418 Refrigerators, Freezers Etc; Heat Pumps Nesoi, Pts",Mexico,Apr-24,"503,546,128"
"8418 Refrigerators, Freezers Etc; Heat Pumps Nesoi, Pts",Mexico,May-24,"509,936,949"
"8418 Refrigerators, Freezers Etc; Heat Pumps Nesoi, Pts",Mexico,Jun-24,"529,897,090"
"8418 Refrigerators, Freezers Etc; Heat Pumps Nesoi, Pts",Mexico,Jul-24,"568,208,710"
"8418 Refrigerators, Freezers Etc; Heat Pumps Nesoi, Pts",Mexico,Aug-24,"543,691,512"
"8418 Refrigerators, Freezers Etc; Heat Pumps Nesoi, Pts",Mexico,Sep-24,"486,608,023"
"8418 Refrigerators, Freezers Etc; Heat Pumps Nesoi, Pts",Mexico,Oct-24,"504,697,687"
"8418 Refrigerators, Freezers Etc; Heat Pumps Nesoi, Pts",Mexico,Nov-24,"512,721,329"
"8418 Refrigerators, Freezers Etc; Heat Pumps Nesoi, Pts",Mexico,Dec-24,"475,851,256"
"8418 Refrigerators, Freezers Etc; Heat Pumps Nesoi, Pts",Mexico,2025 through August,"4,467,169,223"
"8418 Refrigerators, Freezers Etc; Heat Pumps Nesoi, Pts",Mexico,Jan-25,"473,935,684"
"8418 Refrigerators, Freezers Etc; Heat Pumps Nesoi, Pts",Mexico,Feb-25,"532,618,332"
"8418 Refrigerators, Freezers Etc; Heat Pumps Nesoi, Pts",Mexico,Mar-25,"599,589,636"
"8418 Refrigerators, Freezers Etc; Heat Pumps Nesoi, Pts",Mexico,Apr-25,"551,532,981"
"8418 Refrigerators, Freezers Etc; Heat Pumps Nesoi, Pts",Mexico,May-25,"550,153,051"
"8418 Refrigerators, Freezers Etc; Heat Pumps Nesoi, Pts",Mexico,Jun-25,"604,033,839"
"8418 Refrigerators, Freezers Etc; Heat Pumps Nesoi, Pts",Mexico,Jul-25,"606,083,738"
"8418 Refrigerators, Freezers Etc; Heat Pumps Nesoi, Pts",Mexico,Aug-25,"549,221,962"
"8418 Refrigerators, Freezers Etc; Heat Pumps Nesoi, Pts",USMCA - U.S.-Mexico-Canada Agreement,2015,"4,385,295,524"
"8418 Refrigerators, Freezers Etc; Heat Pumps Nesoi, Pts",USMCA - U.S.-Mexico-Canada Agreement,Jan-15,"288,161,557"
"8418 Refrigerators, Freezers Etc; Heat Pumps Nesoi, Pts",USMCA - U.S.-Mexico-Canada Agreement,Feb-15,"274,943,964"
"8418 Refrigerators, Freezers Etc; Heat Pumps Nesoi, Pts",USMCA - U.S.-Mexico-Canada Agreement,Mar-15,"335,494,124"
"8418 Refrigerators, Freezers Etc; Heat Pumps Nesoi, Pts",USMCA - U.S.-Mexico-Canada Agreement,Apr-15,"360,669,235"
"8418 Refrigerators, Freezers Etc; Heat Pumps Nesoi, Pts",USMCA - U.S.-Mexico-Canada Agreement,May-15,"401,804,701"
"8418 Refrigerators, Freezers Etc; Heat Pumps Nesoi, Pts",USMCA - U.S.-Mexico-Canada Agreement,Jun-15,"426,464,920"
"8418 Refrigerators, Freezers Etc; Heat Pumps Nesoi, Pts",USMCA - U.S.-Mexico-Canada Agreement,Jul-15,"443,958,496"
"8418 Refrigerators, Freezers Etc; Heat Pumps Nesoi, Pts",USMCA - U.S.-Mexico-Canada Agreement,Aug-15,"406,854,754"
"8418 Refrigerators, Freezers Etc; Heat Pumps Nesoi, Pts",USMCA - U.S.-Mexico-Canada Agreement,Sep-15,"391,664,634"
"8418 Refrigerators, Freezers Etc; Heat Pumps Nesoi, Pts",USMCA - U.S.-Mexico-Canada Agreement,Oct-15,"426,918,508"
"8418 Refrigerators, Freezers Etc; Heat Pumps Nesoi, Pts",USMCA - U.S.-Mexico-Canada Agreement,Nov-15,"351,717,020"
"8418 Refrigerators, Freezers Etc; Heat Pumps Nesoi, Pts",USMCA - U.S.-Mexico-Canada Agreement,Dec-15,"276,643,611"
"8418 Refrigerators, Freezers Etc; Heat Pumps Nesoi, Pts",USMCA - U.S.-Mexico-Canada Agreement,2016,"4,454,110,638"
"8418 Refrigerators, Freezers Etc; Heat Pumps Nesoi, Pts",USMCA - U.S.-Mexico-Canada Agreement,Jan-16,"275,776,271"
"8418 Refrigerators, Freezers Etc; Heat Pumps Nesoi, Pts",USMCA - U.S.-Mexico-Canada Agreement,Feb-16,"325,050,531"
"8418 Refrigerators, Freezers Etc; Heat Pumps Nesoi, Pts",USMCA - U.S.-Mexico-Canada Agreement,Mar-16,"369,633,335"
"8418 Refrigerators, Freezers Etc; Heat Pumps Nesoi, Pts",USMCA - U.S.-Mexico-Canada Agreement,Apr-16,"370,565,450"
"8418 Refrigerators, Freezers Etc; Heat Pumps Nesoi, Pts",USMCA - U.S.-Mexico-Canada Agreement,May-16,"409,082,577"
"8418 Refrigerators, Freezers Etc; Heat Pumps Nesoi, Pts",USMCA - U.S.-Mexico-Canada Agreement,Jun-16,"421,635,469"
"8418 Refrigerators, Freezers Etc; Heat Pumps Nesoi, Pts",USMCA - U.S.-Mexico-Canada Agreement,Jul-16,"388,954,028"
"8418 Refrigerators, Freezers Etc; Heat Pumps Nesoi, Pts",USMCA - U.S.-Mexico-Canada Agreement,Aug-16,"409,332,329"
"8418 Refrigerators, Freezers Etc; Heat Pumps Nesoi, Pts",USMCA - U.S.-Mexico-Canada Agreement,Sep-16,"403,925,712"
"8418 Refrigerators, Freezers Etc; Heat Pumps Nesoi, Pts",USMCA - U.S.-Mexico-Canada Agreement,Oct-16,"388,696,376"
"8418 Refrigerators, Freezers Etc; Heat Pumps Nesoi, Pts",USMCA - U.S.-Mexico-Canada Agreement,Nov-16,"387,569,875"
"8418 Refrigerators, Freezers Etc; Heat Pumps Nesoi, Pts",USMCA - U.S.-Mexico-Canada Agreement,Dec-16,"303,888,685"
"8418 Refrigerators, Freezers Etc; Heat Pumps Nesoi, Pts",USMCA - U.S.-Mexico-Canada Agreement,2017,"4,545,180,743"
"8418 Refrigerators, Freezers Etc; Heat Pumps Nesoi, Pts",USMCA - U.S.-Mexico-Canada Agreement,Jan-17,"284,371,089"
"8418 Refrigerators, Freezers Etc; Heat Pumps Nesoi, Pts",USMCA - U.S.-Mexico-Canada Agreement,Feb-17,"305,254,938"
"8418 Refrigerators, Freezers Etc; Heat Pumps Nesoi, Pts",USMCA - U.S.-Mexico-Canada Agreement,Mar-17,"351,009,019"
"8418 Refrigerators, Freezers Etc; Heat Pumps Nesoi, Pts",USMCA - U.S.-Mexico-Canada Agreement,Apr-17,"385,718,784"
"8418 Refrigerators, Freezers Etc; Heat Pumps Nesoi, Pts",USMCA - U.S.-Mexico-Canada Agreement,May-17,"414,560,561"
"8418 Refrigerators, Freezers Etc; Heat Pumps Nesoi, Pts",USMCA - U.S.-Mexico-Canada Agreement,Jun-17,"430,332,518"
"8418 Refrigerators, Freezers Etc; Heat Pumps Nesoi, Pts",USMCA - U.S.-Mexico-Canada Agreement,Jul-17,"397,316,374"
"8418 Refrigerators, Freezers Etc; Heat Pumps Nesoi, Pts",USMCA - U.S.-Mexico-Canada Agreement,Aug-17,"405,944,334"
"8418 Refrigerators, Freezers Etc; Heat Pumps Nesoi, Pts",USMCA - U.S.-Mexico-Canada Agreement,Sep-17,"402,501,196"
"8418 Refrigerators, Freezers Etc; Heat Pumps Nesoi, Pts",USMCA - U.S.-Mexico-Canada Agreement,Oct-17,"432,843,701"
"8418 Refrigerators, Freezers Etc; Heat Pumps Nesoi, Pts",USMCA - U.S.-Mexico-Canada Agreement,Nov-17,"410,270,657"
"8418 Refrigerators, Freezers Etc; Heat Pumps Nesoi, Pts",USMCA - U.S.-Mexico-Canada Agreement,Dec-17,"325,057,572"
"8418 Refrigerators, Freezers Etc; Heat Pumps Nesoi, Pts",USMCA - U.S.-Mexico-Canada Agreement,2018,"4,764,645,094"
"8418 Refrigerators, Freezers Etc; Heat Pumps Nesoi, Pts",USMCA - U.S.-Mexico-Canada Agreement,Jan-18,"290,941,870"
"8418 Refrigerators, Freezers Etc; Heat Pumps Nesoi, Pts",USMCA - U.S.-Mexico-Canada Agreement,Feb-18,"294,912,006"
"8418 Refrigerators, Freezers Etc; Heat Pumps Nesoi, Pts",USMCA - U.S.-Mexico-Canada Agreement,Mar-18,"378,852,618"
"8418 Refrigerators, Freezers Etc; Heat Pumps Nesoi, Pts",USMCA - U.S.-Mexico-Canada Agreement,Apr-18,"397,128,093"
"8418 Refrigerators, Freezers Etc; Heat Pumps Nesoi, Pts",USMCA - U.S.-Mexico-Canada Agreement,May-18,"453,698,258"
"8418 Refrigerators, Freezers Etc; Heat Pumps Nesoi, Pts",USMCA - U.S.-Mexico-Canada Agreement,Jun-18,"433,852,970"
"8418 Refrigerators, Freezers Etc; Heat Pumps Nesoi, Pts",USMCA - U.S.-Mexico-Canada Agreement,Jul-18,"419,218,731"
"8418 Refrigerators, Freezers Etc; Heat Pumps Nesoi, Pts",USMCA - U.S.-Mexico-Canada Agreement,Aug-18,"419,262,964"
"8418 Refrigerators, Freezers Etc; Heat Pumps Nesoi, Pts",USMCA - U.S.-Mexico-Canada Agreement,Sep-18,"417,003,523"
"8418 Refrigerators, Freezers Etc; Heat Pumps Nesoi, Pts",USMCA - U.S.-Mexico-Canada Agreement,Oct-18,"482,196,975"
"8418 Refrigerators, Freezers Etc; Heat Pumps Nesoi, Pts",USMCA - U.S.-Mexico-Canada Agreement,Nov-18,"422,114,048"
"8418 Refrigerators, Freezers Etc; Heat Pumps Nesoi, Pts",USMCA - U.S.-Mexico-Canada Agreement,Dec-18,"355,463,038"
"8418 Refrigerators, Freezers Etc; Heat Pumps Nesoi, Pts",USMCA - U.S.-Mexico-Canada Agreement,2019,"4,713,569,092"
"8418 Refrigerators, Freezers Etc; Heat Pumps Nesoi, Pts",USMCA - U.S.-Mexico-Canada Agreement,Jan-19,"319,685,511"
"8418 Refrigerators, Freezers Etc; Heat Pumps Nesoi, Pts",USMCA - U.S.-Mexico-Canada Agreement,Feb-19,"356,486,674"
"8418 Refrigerators, Freezers Etc; Heat Pumps Nesoi, Pts",USMCA - U.S.-Mexico-Canada Agreement,Mar-19,"396,949,186"
"8418 Refrigerators, Freezers Etc; Heat Pumps Nesoi, Pts",USMCA - U.S.-Mexico-Canada Agreement,Apr-19,"383,669,246"
"8418 Refrigerators, Freezers Etc; Heat Pumps Nesoi, Pts",USMCA - U.S.-Mexico-Canada Agreement,May-19,"475,317,374"
"8418 Refrigerators, Freezers Etc; Heat Pumps Nesoi, Pts",USMCA - U.S.-Mexico-Canada Agreement,Jun-19,"446,939,393"
"8418 Refrigerators, Freezers Etc; Heat Pumps Nesoi, Pts",USMCA - U.S.-Mexico-Canada Agreement,Jul-19,"429,572,385"
"8418 Refrigerators, Freezers Etc; Heat Pumps Nesoi, Pts",USMCA - U.S.-Mexico-Canada Agreement,Aug-19,"428,630,946"
"8418 Refrigerators, Freezers Etc; Heat Pumps Nesoi, Pts",USMCA - U.S.-Mexico-Canada Agreement,Sep-19,"416,675,494"
"8418 Refrigerators, Freezers Etc; Heat Pumps Nesoi, Pts",USMCA - U.S.-Mexico-Canada Agreement,Oct-19,"385,028,907"
"8418 Refrigerators, Freezers Etc; Heat Pumps Nesoi, Pts",USMCA - U.S.-Mexico-Canada Agreement,Nov-19,"358,370,140"
"8418 Refrigerators, Freezers Etc; Heat Pumps Nesoi, Pts",USMCA - U.S.-Mexico-Canada Agreement,Dec-19,"316,243,836"
"8418 Refrigerators, Freezers Etc; Heat Pumps Nesoi, Pts",USMCA - U.S.-Mexico-Canada Agreement,2020,"4,646,580,362"
"8418 Refrigerators, Freezers Etc; Heat Pumps Nesoi, Pts",USMCA - U.S.-Mexico-Canada Agreement,Jan-20,"272,051,950"
"8418 Refrigerators, Freezers Etc; Heat Pumps Nesoi, Pts",USMCA - U.S.-Mexico-Canada Agreement,Feb-20,"351,103,153"
"8418 Refrigerators, Freezers Etc; Heat Pumps Nesoi, Pts",USMCA - U.S.-Mexico-Canada Agreement,Mar-20,"394,976,579"
"8418 Refrigerators, Freezers Etc; Heat Pumps Nesoi, Pts",USMCA - U.S.-Mexico-Canada Agreement,Apr-20,"346,591,938"
"8418 Refrigerators, Freezers Etc; Heat Pumps Nesoi, Pts",USMCA - U.S.-Mexico-Canada Agreement,May-20,"290,536,750"
"8418 Refrigerators, Freezers Etc; Heat Pumps Nesoi, Pts",USMCA - U.S.-Mexico-Canada Agreement,Jun-20,"411,218,898"
"8418 Refrigerators, Freezers Etc; Heat Pumps Nesoi, Pts",USMCA - U.S.-Mexico-Canada Agreement,Jul-20,"452,136,645"
"8418 Refrigerators, Freezers Etc; Heat Pumps Nesoi, Pts",USMCA - U.S.-Mexico-Canada Agreement,Aug-20,"441,784,524"
"8418 Refrigerators, Freezers Etc; Heat Pumps Nesoi, Pts",USMCA - U.S.-Mexico-Canada Agreement,Sep-20,"421,889,285"
"8418 Refrigerators, Freezers Etc; Heat Pumps Nesoi, Pts",USMCA - U.S.-Mexico-Canada Agreement,Oct-20,"464,965,702"
"8418 Refrigerators, Freezers Etc; Heat Pumps Nesoi, Pts",USMCA - U.S.-Mexico-Canada Agreement,Nov-20,"421,649,386"
"8418 Refrigerators, Freezers Etc; Heat Pumps Nesoi, Pts",USMCA - U.S.-Mexico-Canada Agreement,Dec-20,"377,675,552"
"8418 Refrigerators, Freezers Etc; Heat Pumps Nesoi, Pts",USMCA - U.S.-Mexico-Canada Agreement,2021,"5,449,192,271"
"8418 Refrigerators, Freezers Etc; Heat Pumps Nesoi, Pts",USMCA - U.S.-Mexico-Canada Agreement,Jan-21,"397,551,706"
"8418 Refrigerators, Freezers Etc; Heat Pumps Nesoi, Pts",USMCA - U.S.-Mexico-Canada Agreement,Feb-21,"375,635,045"
"8418 Refrigerators, Freezers Etc; Heat Pumps Nesoi, Pts",USMCA - U.S.-Mexico-Canada Agreement,Mar-21,"464,228,678"
"8418 Refrigerators, Freezers Etc; Heat Pumps Nesoi, Pts",USMCA - U.S.-Mexico-Canada Agreement,Apr-21,"410,417,612"
"8418 Refrigerators, Freezers Etc; Heat Pumps Nesoi, Pts",USMCA - U.S.-Mexico-Canada Agreement,May-21,"411,902,762"
"8418 Refrigerators, Freezers Etc; Heat Pumps Nesoi, Pts",USMCA - U.S.-Mexico-Canada Agreement,Jun-21,"458,865,174"
"8418 Refrigerators, Freezers Etc; Heat Pumps Nesoi, Pts",USMCA - U.S.-Mexico-Canada Agreement,Jul-21,"509,897,622"
"8418 Refrigerators, Freezers Etc; Heat Pumps Nesoi, Pts",USMCA - U.S.-Mexico-Canada Agreement,Aug-21,"480,407,596"
"8418 Refrigerators, Freezers Etc; Heat Pumps Nesoi, Pts",USMCA - U.S.-Mexico-Canada Agreement,Sep-21,"505,700,392"
"8418 Refrigerators, Freezers Etc; Heat Pumps Nesoi, Pts",USMCA - U.S.-Mexico-Canada Agreement,Oct-21,"513,818,108"
"8418 Refrigerators, Freezers Etc; Heat Pumps Nesoi, Pts",USMCA - U.S.-Mexico-Canada Agreement,Nov-21,"479,640,978"
"8418 Refrigerators, Freezers Etc; Heat Pumps Nesoi, Pts",USMCA - U.S.-Mexico-Canada Agreement,Dec-21,"441,126,598"
"8418 Refrigerators, Freezers Etc; Heat Pumps Nesoi, Pts",USMCA - U.S.-Mexico-Canada Agreement,2022,"6,542,420,197"
"8418 Refrigerators, Freezers Etc; Heat Pumps Nesoi, Pts",USMCA - U.S.-Mexico-Canada Agreement,Jan-22,"478,079,955"
"8418 Refrigerators, Freezers Etc; Heat Pumps Nesoi, Pts",USMCA - U.S.-Mexico-Canada Agreement,Feb-22,"469,796,211"
"8418 Refrigerators, Freezers Etc; Heat Pumps Nesoi, Pts",USMCA - U.S.-Mexico-Canada Agreement,Mar-22,"567,221,272"
"8418 Refrigerators, Freezers Etc; Heat Pumps Nesoi, Pts",USMCA - U.S.-Mexico-Canada Agreement,Apr-22,"552,646,547"
"8418 Refrigerators, Freezers Etc; Heat Pumps Nesoi, Pts",USMCA - U.S.-Mexico-Canada Agreement,May-22,"569,180,534"
"8418 Refrigerators, Freezers Etc; Heat Pumps Nesoi, Pts",USMCA - U.S.-Mexico-Canada Agreement,Jun-22,"634,689,112"
"8418 Refrigerators, Freezers Etc; Heat Pumps Nesoi, Pts",USMCA - U.S.-Mexico-Canada Agreement,Jul-22,"590,647,215"
"8418 Refrigerators, Freezers Etc; Heat Pumps Nesoi, Pts",USMCA - U.S.-Mexico-Canada Agreement,Aug-22,"562,489,032"
"8418 Refrigerators, Freezers Etc; Heat Pumps Nesoi, Pts",USMCA - U.S.-Mexico-Canada Agreement,Sep-22,"555,371,538"
"8418 Refrigerators, Freezers Etc; Heat Pumps Nesoi, Pts",USMCA - U.S.-Mexico-Canada Agreement,Oct-22,"577,941,691"
"8418 Refrigerators, Freezers Etc; Heat Pumps Nesoi, Pts",USMCA - U.S.-Mexico-Canada Agreement,Nov-22,"512,875,129"
"8418 Refrigerators, Freezers Etc; Heat Pumps Nesoi, Pts",USMCA - U.S.-Mexico-Canada Agreement,Dec-22,"471,481,961"
"8418 Refrigerators, Freezers Etc; Heat Pumps Nesoi, Pts",USMCA - U.S.-Mexico-Canada Agreement,2023,"6,734,599,688"
"8418 Refrigerators, Freezers Etc; Heat Pumps Nesoi, Pts",USMCA - U.S.-Mexico-Canada Agreement,Jan-23,"475,431,676"
"8418 Refrigerators, Freezers Etc; Heat Pumps Nesoi, Pts",USMCA - U.S.-Mexico-Canada Agreement,Feb-23,"543,045,822"
"8418 Refrigerators, Freezers Etc; Heat Pumps Nesoi, Pts",USMCA - U.S.-Mexico-Canada Agreement,Mar-23,"622,012,957"
"8418 Refrigerators, Freezers Etc; Heat Pumps Nesoi, Pts",USMCA - U.S.-Mexico-Canada Agreement,Apr-23,"528,765,455"
"8418 Refrigerators, Freezers Etc; Heat Pumps Nesoi, Pts",USMCA - U.S.-Mexico-Canada Agreement,May-23,"579,810,866"
"8418 Refrigerators, Freezers Etc; Heat Pumps Nesoi, Pts",USMCA - U.S.-Mexico-Canada Agreement,Jun-23,"591,447,537"
"8418 Refrigerators, Freezers Etc; Heat Pumps Nesoi, Pts",USMCA - U.S.-Mexico-Canada Agreement,Jul-23,"585,555,514"
"8418 Refrigerators, Freezers Etc; Heat Pumps Nesoi, Pts",USMCA - U.S.-Mexico-Canada Agreement,Aug-23,"617,698,137"
"8418 Refrigerators, Freezers Etc; Heat Pumps Nesoi, Pts",USMCA - U.S.-Mexico-Canada Agreement,Sep-23,"553,968,529"
"8418 Refrigerators, Freezers Etc; Heat Pumps Nesoi, Pts",USMCA - U.S.-Mexico-Canada Agreement,Oct-23,"617,947,197"
"8418 Refrigerators, Freezers Etc; Heat Pumps Nesoi, Pts",USMCA - U.S.-Mexico-Canada Agreement,Nov-23,"559,951,091"
"8418 Refrigerators, Freezers Etc; Heat Pumps Nesoi, Pts",USMCA - U.S.-Mexico-Canada Agreement,Dec-23,"458,964,907"
"8418 Refrigerators, Freezers Etc; Heat Pumps Nesoi, Pts",USMCA - U.S.-Mexico-Canada Agreement,2024,"6,558,031,418"
"8418 Refrigerators, Freezers Etc; Heat Pumps Nesoi, Pts",USMCA - U.S.-Mexico-Canada Agreement,Jan-24,"461,469,735"
"8418 Refrigerators, Freezers Etc; Heat Pumps Nesoi, Pts",USMCA - U.S.-Mexico-Canada Agreement,Feb-24,"507,095,850"
"8418 Refrigerators, Freezers Etc; Heat Pumps Nesoi, Pts",USMCA - U.S.-Mexico-Canada Agreement,Mar-24,"539,858,525"
"8418 Refrigerators, Freezers Etc; Heat Pumps Nesoi, Pts",USMCA - U.S.-Mexico-Canada Agreement,Apr-24,"536,846,315"
"8418 Refrigerators, Freezers Etc; Heat Pumps Nesoi, Pts",USMCA - U.S.-Mexico-Canada Agreement,May-24,"556,254,589"
"8418 Refrigerators, Freezers Etc; Heat Pumps Nesoi, Pts",USMCA - U.S.-Mexico-Canada Agreement,Jun-24,"578,398,137"
"8418 Refrigerators, Freezers Etc; Heat Pumps Nesoi, Pts",USMCA - U.S.-Mexico-Canada Agreement,Jul-24,"619,331,170"
"8418 Refrigerators, Freezers Etc; Heat Pumps Nesoi, Pts",USMCA - U.S.-Mexico-Canada Agreement,Aug-24,"585,850,004"
"8418 Refrigerators, Freezers Etc; Heat Pumps Nesoi, Pts",USMCA - U.S.-Mexico-Canada Agreement,Sep-24,"528,010,225"
"8418 Refrigerators, Freezers Etc; Heat Pumps Nesoi, Pts",USMCA - U.S.-Mexico-Canada Agreement,Oct-24,"560,886,027"
"8418 Refrigerators, Freezers Etc; Heat Pumps Nesoi, Pts",USMCA - U.S.-Mexico-Canada Agreement,Nov-24,"562,490,979"
"8418 Refrigerators, Freezers Etc; Heat Pumps Nesoi, Pts",USMCA - U.S.-Mexico-Canada Agreement,Dec-24,"521,539,862"
"8418 Refrigerators, Freezers Etc; Heat Pumps Nesoi, Pts",USMCA - U.S.-Mexico-Canada Agreement,2025 through August,"4,833,872,193"
"8418 Refrigerators, Freezers Etc; Heat Pumps Nesoi, Pts",USMCA - U.S.-Mexico-Canada Agreement,Jan-25,"509,644,170"
"8418 Refrigerators, Freezers Etc; Heat Pumps Nesoi, Pts",USMCA - U.S.-Mexico-Canada Agreement,Feb-25,"579,324,083"
"8418 Refrigerators, Freezers Etc; Heat Pumps Nesoi, Pts",USMCA - U.S.-Mexico-Canada Agreement,Mar-25,"667,774,235"
"8418 Refrigerators, Freezers Etc; Heat Pumps Nesoi, Pts",USMCA - U.S.-Mexico-Canada Agreement,Apr-25,"592,694,723"
"8418 Refrigerators, Freezers Etc; Heat Pumps Nesoi, Pts",USMCA - U.S.-Mexico-Canada Agreement,May-25,"589,378,231"
"8418 Refrigerators, Freezers Etc; Heat Pumps Nesoi, Pts",USMCA - U.S.-Mexico-Canada Agreement,Jun-25,"648,224,651"
"8418 Refrigerators, Freezers Etc; Heat Pumps Nesoi, Pts",USMCA - U.S.-Mexico-Canada Agreement,Jul-25,"652,890,952"
"8418 Refrigerators, Freezers Etc; Heat Pumps Nesoi, Pts",USMCA - U.S.-Mexico-Canada Agreement,Aug-25,"593,941,148"
851631 Electric Hair Dryers,Canada,2015,"277,557"
851631 Electric Hair Dryers,Canada,May-15,"277,557"
851631 Electric Hair Dryers,Canada,2017,"78,181"
851631 Electric Hair Dryers,Canada,Jun-17,"52,924"
851631 Electric Hair Dryers,Canada,Jul-17,"20,545"
851631 Electric Hair Dryers,Canada,Aug-17,"4,712"
851631 Electric Hair Dryers,Canada,2018,"10,874"
851631 Electric Hair Dryers,Canada,Feb-18,"10,874"
851631 Electric Hair Dryers,Canada,2019,"2,077"
851631 Electric Hair Dryers,Canada,Jan-19,"2,077"
851631 Electric Hair Dryers,Canada,2021,"9,940"
851631 Electric Hair Dryers,Canada,Apr-21,"5,200"
851631 Electric Hair Dryers,Canada,Nov-21,"4,740"
851631 Electric Hair Dryers,Canada,2022,"106,714"
851631 Electric Hair Dryers,Canada,Jan-22,"104,373"
851631 Electric Hair Dryers,Canada,Oct-22,"2,341"
851631 Electric Hair Dryers,Canada,2023,"49,251"
851631 Electric Hair Dryers,Canada,Apr-23,"2,233"
851631 Electric Hair Dryers,Canada,Jul-23,"23,085"
851631 Electric Hair Dryers,Canada,Aug-23,"3,900"
851631 Electric Hair Dryers,Canada,Oct-23,"8,800"
851631 Electric Hair Dryers,Canada,Nov-23,"2,603"
851631 Electric Hair Dryers,Canada,Dec-23,"8,630"
851631 Electric Hair Dryers,Canada,2024,"81,107"
851631 Electric Hair Dryers,Canada,Jun-24,"2,160"
851631 Electric Hair Dryers,Canada,Jul-24,"2,830"
851631 Electric Hair Dryers,Canada,Sep-24,"7,600"
851631 Electric Hair Dryers,Canada,Oct-24,"57,156"
851631 Electric Hair Dryers,Canada,Nov-24,"11,361"
851631 Electric Hair Dryers,Canada,2025 through August,"76,960"
851631 Electric Hair Dryers,Canada,Jan-25,"60,975"
851631 Electric Hair Dryers,Canada,Feb-25,"3,000"
851631 Electric Hair Dryers,Canada,Mar-25,"5,725"
851631 Electric Hair Dryers,Canada,Aug-25,"7,260"
851631 Electric Hair Dryers,China,2015,"220,104,506"
851631 Electric Hair Dryers,China,Jan-15,"12,493,826"
851631 Electric Hair Dryers,China,Feb-15,"15,367,912"
851631 Electric Hair Dryers,China,Mar-15,"18,036,101"
851631 Electric Hair Dryers,China,Apr-15,"15,056,328"
851631 Electric Hair Dryers,China,May-15,"17,583,447"
851631 Electric Hair Dryers,China,Jun-15,"19,640,207"
851631 Electric Hair Dryers,China,Jul-15,"23,230,167"
851631 Electric Hair Dryers,China,Aug-15,"21,177,952"
851631 Electric Hair Dryers,China,Sep-15,"22,858,990"
851631 Electric Hair Dryers,China,Oct-15,"21,470,800"
851631 Electric Hair Dryers,China,Nov-15,"17,997,823"
851631 Electric Hair Dryers,China,Dec-15,"15,190,953"
851631 Electric Hair Dryers,China,2016,"174,177,124"
851631 Electric Hair Dryers,China,Jan-16,"15,206,069"
851631 Electric Hair Dryers,China,Feb-16,"21,262,075"
851631 Electric Hair Dryers,China,Mar-16,"5,735,034"
851631 Electric Hair Dryers,China,Apr-16,"11,387,523"
851631 Electric Hair Dryers,China,May-16,"13,267,242"
851631 Electric Hair Dryers,China,Jun-16,"16,756,561"
851631 Electric Hair Dryers,China,Jul-16,"14,349,783"
851631 Electric Hair Dryers,China,Aug-16,"17,676,421"
851631 Electric Hair Dryers,China,Sep-16,"16,503,476"
851631 Electric Hair Dryers,China,Oct-16,"13,723,924"
851631 Electric Hair Dryers,China,Nov-16,"13,612,833"
851631 Electric Hair Dryers,China,Dec-16,"14,696,183"
851631 Electric Hair Dryers,China,2017,"186,040,035"
851631 Electric Hair Dryers,China,Jan-17,"16,263,137"
851631 Electric Hair Dryers,China,Feb-17,"14,498,075"
851631 Electric Hair Dryers,China,Mar-17,"7,398,327"
851631 Electric Hair Dryers,China,Apr-17,"13,617,625"
851631 Electric Hair Dryers,China,May-17,"16,610,196"
851631 Electric Hair Dryers,China,Jun-17,"17,952,431"
851631 Electric Hair Dryers,China,Jul-17,"15,345,281"
851631 Electric Hair Dryers,China,Aug-17,"20,663,153"
851631 Electric Hair Dryers,China,Sep-17,"17,274,502"
851631 Electric Hair Dryers,China,Oct-17,"16,479,089"
851631 Electric Hair Dryers,China,Nov-17,"14,528,359"
851631 Electric Hair Dryers,China,Dec-17,"15,409,860"
851631 Electric Hair Dryers,China,2018,"200,752,927"
851631 Electric Hair Dryers,China,Jan-18,"18,159,099"
851631 Electric Hair Dryers,China,Feb-18,"18,248,035"
851631 Electric Hair Dryers,China,Mar-18,"10,750,000"
851631 Electric Hair Dryers,China,Apr-18,"12,456,175"
851631 Electric Hair Dryers,China,May-18,"17,908,190"
851631 Electric Hair Dryers,China,Jun-18,"17,538,595"
851631 Electric Hair Dryers,China,Jul-18,"18,728,259"
851631 Electric Hair Dryers,China,Aug-18,"20,870,500"
851631 Electric Hair Dryers,China,Sep-18,"18,537,035"
851631 Electric Hair Dryers,China,Oct-18,"19,907,442"
851631 Electric Hair Dryers,China,Nov-18,"12,711,028"
851631 Electric Hair Dryers,China,Dec-18,"14,938,569"
851631 Electric Hair Dryers,China,2019,"237,654,612"
851631 Electric Hair Dryers,China,Jan-19,"21,523,454"
851631 Electric Hair Dryers,China,Feb-19,"17,663,042"
851631 Electric Hair Dryers,China,Mar-19,"12,674,405"
851631 Electric Hair Dryers,China,Apr-19,"18,276,755"
851631 Electric Hair Dryers,China,May-19,"26,108,257"
851631 Electric Hair Dryers,China,Jun-19,"23,779,173"
851631 Electric Hair Dryers,China,Jul-19,"24,253,350"
851631 Electric Hair Dryers,China,Aug-19,"25,161,060"
851631 Electric Hair Dryers,China,Sep-19,"19,988,468"
851631 Electric Hair Dryers,China,Oct-19,"16,981,479"
851631 Electric Hair Dryers,China,Nov-19,"17,594,528"
851631 Electric Hair Dryers,China,Dec-19,"13,650,641"
851631 Electric Hair Dryers,China,2020,"220,941,627"
851631 Electric Hair Dryers,China,Jan-20,"16,231,042"
851631 Electric Hair Dryers,China,Feb-20,"10,004,827"
851631 Electric Hair Dryers,China,Mar-20,"6,881,611"
851631 Electric Hair Dryers,China,Apr-20,"8,748,019"
851631 Electric Hair Dryers,China,May-20,"15,214,375"
851631 Electric Hair Dryers,China,Jun-20,"21,889,488"
851631 Electric Hair Dryers,China,Jul-20,"26,070,724"
851631 Electric Hair Dryers,China,Aug-20,"19,173,275"
851631 Electric Hair Dryers,China,Sep-20,"25,005,269"
851631 Electric Hair Dryers,China,Oct-20,"24,341,565"
851631 Electric Hair Dryers,China,Nov-20,"22,107,496"
851631 Electric Hair Dryers,China,Dec-20,"25,273,936"
851631 Electric Hair Dryers,China,2021,"297,730,973"
851631 Electric Hair Dryers,China,Jan-21,"27,765,754"
851631 Electric Hair Dryers,China,Feb-21,"25,752,808"
851631 Electric Hair Dryers,China,Mar-21,"23,614,924"
851631 Electric Hair Dryers,China,Apr-21,"16,260,916"
851631 Electric Hair Dryers,China,May-21,"20,124,840"
851631 Electric Hair Dryers,China,Jun-21,"21,860,035"
851631 Electric Hair Dryers,China,Jul-21,"23,809,446"
851631 Electric Hair Dryers,China,Aug-21,"24,122,891"
851631 Electric Hair Dryers,China,Sep-21,"29,931,209"
851631 Electric Hair Dryers,China,Oct-21,"27,965,339"
851631 Electric Hair Dryers,China,Nov-21,"27,411,911"
851631 Electric Hair Dryers,China,Dec-21,"29,110,900"
851631 Electric Hair Dryers,China,2022,"283,469,190"
851631 Electric Hair Dryers,China,Jan-22,"31,579,284"
851631 Electric Hair Dryers,China,Feb-22,"27,927,715"
851631 Electric Hair Dryers,China,Mar-22,"31,305,800"
851631 Electric Hair Dryers,China,Apr-22,"20,564,841"
851631 Electric Hair Dryers,China,May-22,"27,209,514"
851631 Electric Hair Dryers,China,Jun-22,"27,705,818"
851631 Electric Hair Dryers,China,Jul-22,"23,183,804"
851631 Electric Hair Dryers,China,Aug-22,"21,779,776"
851631 Electric Hair Dryers,China,Sep-22,"20,620,664"
851631 Electric Hair Dryers,China,Oct-22,"17,573,136"
851631 Electric Hair Dryers,China,Nov-22,"18,299,489"
851631 Electric Hair Dryers,China,Dec-22,"15,719,349"
851631 Electric Hair Dryers,China,2023,"262,193,881"
851631 Electric Hair Dryers,China,Jan-23,"19,312,293"
851631 Electric Hair Dryers,China,Feb-23,"17,051,318"
851631 Electric Hair Dryers,China,Mar-23,"16,115,508"
851631 Electric Hair Dryers,China,Apr-23,"19,932,283"
851631 Electric Hair Dryers,China,May-23,"27,636,477"
851631 Electric Hair Dryers,China,Jun-23,"26,205,923"
851631 Electric Hair Dryers,China,Jul-23,"23,194,120"
851631 Electric Hair Dryers,China,Aug-23,"24,670,107"
851631 Electric Hair Dryers,China,Sep-23,"27,160,202"
851631 Electric Hair Dryers,China,Oct-23,"23,065,755"
851631 Electric Hair Dryers,China,Nov-23,"20,652,977"
851631 Electric Hair Dryers,China,Dec-23,"17,196,918"
851631 Electric Hair Dryers,China,2024,"289,986,082"
851631 Electric Hair Dryers,China,Jan-24,"21,740,448"
851631 Electric Hair Dryers,China,Feb-24,"22,850,723"
851631 Electric Hair Dryers,China,Mar-24,"19,306,672"
851631 Electric Hair Dryers,China,Apr-24,"22,970,660"
851631 Electric Hair Dryers,China,May-24,"24,857,251"
851631 Electric Hair Dryers,China,Jun-24,"25,388,146"
851631 Electric Hair Dryers,China,Jul-24,"28,533,026"
851631 Electric Hair Dryers,China,Aug-24,"23,593,088"
851631 Electric Hair Dryers,China,Sep-24,"30,658,934"
851631 Electric Hair Dryers,China,Oct-24,"22,666,053"
851631 Electric Hair Dryers,China,Nov-24,"31,392,437"
851631 Electric Hair Dryers,China,Dec-24,"16,028,644"
851631 Electric Hair Dryers,China,2025 through August,"129,798,508"
851631 Electric Hair Dryers,China,Jan-25,"25,807,994"
851631 Electric Hair Dryers,China,Feb-25,"18,034,032"
851631 Electric Hair Dryers,China,Mar-25,"11,668,751"
851631 Electric Hair Dryers,China,Apr-25,"16,507,173"
851631 Electric Hair Dryers,China,May-25,"8,889,147"
851631 Electric Hair Dryers,China,Jun-25,"8,959,001"
851631 Electric Hair Dryers,China,Jul-25,"20,646,275"
851631 Electric Hair Dryers,China,Aug-25,"19,286,135"
851631 Electric Hair Dryers,Mexico,2015,"341,156"
851631 Electric Hair Dryers,Mexico,Jan-15,"26,121"
851631 Electric Hair Dryers,Mexico,Feb-15,"66,583"
851631 Electric Hair Dryers,Mexico,Mar-15,"32,492"
851631 Electric Hair Dryers,Mexico,Apr-15,"22,797"
851631 Electric Hair Dryers,Mexico,May-15,"26,597"
851631 Electric Hair Dryers,Mexico,Jun-15,"8,522"
851631 Electric Hair Dryers,Mexico,Jul-15,"46,569"
851631 Electric Hair Dryers,Mexico,Aug-15,"28,575"
851631 Electric Hair Dryers,Mexico,Oct-15,"28,534"
851631 Electric Hair Dryers,Mexico,Nov-15,"15,277"
851631 Electric Hair Dryers,Mexico,Dec-15,"39,089"
851631 Electric Hair Dryers,Mexico,2016,"240,653"
851631 Electric Hair Dryers,Mexico,Jan-16,"12,161"
851631 Electric Hair Dryers,Mexico,Feb-16,"25,953"
851631 Electric Hair Dryers,Mexico,Mar-16,"39,320"
851631 Electric Hair Dryers,Mexico,Apr-16,"15,553"
851631 Electric Hair Dryers,Mexico,May-16,"43,226"
851631 Electric Hair Dryers,Mexico,Jul-16,"28,619"
851631 Electric Hair Dryers,Mexico,Aug-16,"21,326"
851631 Electric Hair Dryers,Mexico,Sep-16,"31,958"
851631 Electric Hair Dryers,Mexico,Oct-16,"6,433"
851631 Electric Hair Dryers,Mexico,Nov-16,"16,104"
851631 Electric Hair Dryers,Mexico,2017,"217,928"
851631 Electric Hair Dryers,Mexico,Jan-17,"29,086"
851631 Electric Hair Dryers,Mexico,Feb-17,"10,703"
851631 Electric Hair Dryers,Mexico,Mar-17,"15,381"
851631 Electric Hair Dryers,Mexico,Apr-17,"30,276"
851631 Electric Hair Dryers,Mexico,May-17,"18,699"
851631 Electric Hair Dryers,Mexico,Jun-17,"6,076"
851631 Electric Hair Dryers,Mexico,Jul-17,"17,806"
851631 Electric Hair Dryers,Mexico,Aug-17,"14,142"
851631 Electric Hair Dryers,Mexico,Sep-17,"11,104"
851631 Electric Hair Dryers,Mexico,Nov-17,"21,737"
851631 Electric Hair Dryers,Mexico,Dec-17,"42,918"
851631 Electric Hair Dryers,Mexico,2018,"880,773"
851631 Electric Hair Dryers,Mexico,Jan-18,"3,509"
851631 Electric Hair Dryers,Mexico,Feb-18,"21,737"
851631 Electric Hair Dryers,Mexico,Mar-18,"13,671"
851631 Electric Hair Dryers,Mexico,Apr-18,"16,487"
851631 Electric Hair Dryers,Mexico,May-18,"29,123"
851631 Electric Hair Dryers,Mexico,Jun-18,"65,410"
851631 Electric Hair Dryers,Mexico,Jul-18,"168,177"
851631 Electric Hair Dryers,Mexico,Aug-18,"164,019"
851631 Electric Hair Dryers,Mexico,Sep-18,"140,286"
851631 Electric Hair Dryers,Mexico,Oct-18,"134,856"
851631 Electric Hair Dryers,Mexico,Nov-18,"57,961"
851631 Electric Hair Dryers,Mexico,Dec-18,"65,537"
851631 Electric Hair Dryers,Mexico,2019,"1,061,911"
851631 Electric Hair Dryers,Mexico,Jan-19,"75,586"
851631 Electric Hair Dryers,Mexico,Feb-19,"67,277"
851631 Electric Hair Dryers,Mexico,Mar-19,"160,450"
851631 Electric Hair Dryers,Mexico,Apr-19,"121,398"
851631 Electric Hair Dryers,Mexico,May-19,"96,734"
851631 Electric Hair Dryers,Mexico,Jun-19,"108,285"
851631 Electric Hair Dryers,Mexico,Jul-19,"80,423"
851631 Electric Hair Dryers,Mexico,Aug-19,"39,239"
851631 Electric Hair Dryers,Mexico,Sep-19,"47,021"
851631 Electric Hair Dryers,Mexico,Oct-19,"84,701"
851631 Electric Hair Dryers,Mexico,Nov-19,"141,108"
851631 Electric Hair Dryers,Mexico,Dec-19,"39,689"
851631 Electric Hair Dryers,Mexico,2020,"877,651"
851631 Electric Hair Dryers,Mexico,Jan-20,"56,813"
851631 Electric Hair Dryers,Mexico,Feb-20,"80,271"
851631 Electric Hair Dryers,Mexico,Mar-20,"75,770"
851631 Electric Hair Dryers,Mexico,Apr-20,"3,608"
851631 Electric Hair Dryers,Mexico,May-20,"7,216"
851631 Electric Hair Dryers,Mexico,Jun-20,"73,061"
851631 Electric Hair Dryers,Mexico,Jul-20,"117,265"
851631 Electric Hair Dryers,Mexico,Aug-20,"90,204"
851631 Electric Hair Dryers,Mexico,Sep-20,"63,142"
851631 Electric Hair Dryers,Mexico,Oct-20,"135,306"
851631 Electric Hair Dryers,Mexico,Nov-20,"110,199"
851631 Electric Hair Dryers,Mexico,Dec-20,"64,796"
851631 Electric Hair Dryers,Mexico,2021,"1,661,381"
851631 Electric Hair Dryers,Mexico,Jan-21,"125,384"
851631 Electric Hair Dryers,Mexico,Feb-21,"137,486"
851631 Electric Hair Dryers,Mexico,Mar-21,"179,957"
851631 Electric Hair Dryers,Mexico,Apr-21,"153,348"
851631 Electric Hair Dryers,Mexico,May-21,"215,244"
851631 Electric Hair Dryers,Mexico,Jun-21,"159,305"
851631 Electric Hair Dryers,Mexico,Jul-21,"136,617"
851631 Electric Hair Dryers,Mexico,Aug-21,"134,666"
851631 Electric Hair Dryers,Mexico,Sep-21,"96,518"
851631 Electric Hair Dryers,Mexico,Oct-21,"128,917"
851631 Electric Hair Dryers,Mexico,Nov-21,"108,245"
851631 Electric Hair Dryers,Mexico,Dec-21,"85,694"
851631 Electric Hair Dryers,Mexico,2022,"4,244,388"
851631 Electric Hair Dryers,Mexico,Jan-22,"139,815"
851631 Electric Hair Dryers,Mexico,Feb-22,"171,388"
851631 Electric Hair Dryers,Mexico,Mar-22,"184,166"
851631 Electric Hair Dryers,Mexico,Apr-22,"99,222"
851631 Electric Hair Dryers,Mexico,May-22,"200,760"
851631 Electric Hair Dryers,Mexico,Jun-22,"72,846"
851631 Electric Hair Dryers,Mexico,Jul-22,"315,869"
851631 Electric Hair Dryers,Mexico,Aug-22,"633,350"
851631 Electric Hair Dryers,Mexico,Sep-22,"670,803"
851631 Electric Hair Dryers,Mexico,Oct-22,"817,298"
851631 Electric Hair Dryers,Mexico,Nov-22,"622,747"
851631 Electric Hair Dryers,Mexico,Dec-22,"316,124"
851631 Electric Hair Dryers,Mexico,2023,"4,773,379"
851631 Electric Hair Dryers,Mexico,Jan-23,"431,780"
851631 Electric Hair Dryers,Mexico,Feb-23,"609,117"
851631 Electric Hair Dryers,Mexico,Mar-23,"544,049"
851631 Electric Hair Dryers,Mexico,Apr-23,"392,070"
851631 Electric Hair Dryers,Mexico,May-23,"354,729"
851631 Electric Hair Dryers,Mexico,Jun-23,"130,690"
851631 Electric Hair Dryers,Mexico,Aug-23,"271,048"
851631 Electric Hair Dryers,Mexico,Sep-23,"464,438"
851631 Electric Hair Dryers,Mexico,Oct-23,"706,520"
851631 Electric Hair Dryers,Mexico,Nov-23,"606,817"
851631 Electric Hair Dryers,Mexico,Dec-23,"262,121"
851631 Electric Hair Dryers,Mexico,2024,"3,175,838"
851631 Electric Hair Dryers,Mexico,Jan-24,"50,030"
851631 Electric Hair Dryers,Mexico,Mar-24,"187,613"
851631 Electric Hair Dryers,Mexico,Jun-24,"742,413"
851631 Electric Hair Dryers,Mexico,Jul-24,"125,701"
851631 Electric Hair Dryers,Mexico,Aug-24,"301,689"
851631 Electric Hair Dryers,Mexico,Sep-24,"574,723"
851631 Electric Hair Dryers,Mexico,Oct-24,"202,623"
851631 Electric Hair Dryers,Mexico,Nov-24,"727,315"
851631 Electric Hair Dryers,Mexico,Dec-24,"263,731"
851631 Electric Hair Dryers,Mexico,2025 through August,"1,019,755"
851631 Electric Hair Dryers,Mexico,Jan-25,"15,455"
851631 Electric Hair Dryers,Mexico,Apr-25,"103,050"
851631 Electric Hair Dryers,Mexico,May-25,"153,179"
851631 Electric Hair Dryers,Mexico,Jun-25,"90,751"
851631 Electric Hair Dryers,Mexico,Jul-25,"504,892"
851631 Electric Hair Dryers,Mexico,Aug-25,"152,428"
851631 Electric Hair Dryers,USMCA - U.S.-Mexico-Canada Agreement,2015,"618,713"
851631 Electric Hair Dryers,USMCA - U.S.-Mexico-Canada Agreement,Jan-15,"26,121"
851631 Electric Hair Dryers,USMCA - U.S.-Mexico-Canada Agreement,Feb-15,"66,583"
851631 Electric Hair Dryers,USMCA - U.S.-Mexico-Canada Agreement,Mar-15,"32,492"
851631 Electric Hair Dryers,USMCA - U.S.-Mexico-Canada Agreement,Apr-15,"22,797"
851631 Electric Hair Dryers,USMCA - U.S.-Mexico-Canada Agreement,May-15,"304,154"
851631 Electric Hair Dryers,USMCA - U.S.-Mexico-Canada Agreement,Jun-15,"8,522"
851631 Electric Hair Dryers,USMCA - U.S.-Mexico-Canada Agreement,Jul-15,"46,569"
851631 Electric Hair Dryers,USMCA - U.S.-Mexico-Canada Agreement,Aug-15,"28,575"
851631 Electric Hair Dryers,USMCA - U.S.-Mexico-Canada Agreement,Oct-15,"28,534"
851631 Electric Hair Dryers,USMCA - U.S.-Mexico-Canada Agreement,Nov-15,"15,277"
851631 Electric Hair Dryers,USMCA - U.S.-Mexico-Canada Agreement,Dec-15,"39,089"
851631 Electric Hair Dryers,USMCA - U.S.-Mexico-Canada Agreement,2016,"240,653"
851631 Electric Hair Dryers,USMCA - U.S.-Mexico-Canada Agreement,Jan-16,"12,161"
851631 Electric Hair Dryers,USMCA - U.S.-Mexico-Canada Agreement,Feb-16,"25,953"
851631 Electric Hair Dryers,USMCA - U.S.-Mexico-Canada Agreement,Mar-16,"39,320"
851631 Electric Hair Dryers,USMCA - U.S.-Mexico-Canada Agreement,Apr-16,"15,553"
851631 Electric Hair Dryers,USMCA - U.S.-Mexico-Canada Agreement,May-16,"43,226"
851631 Electric Hair Dryers,USMCA - U.S.-Mexico-Canada Agreement,Jul-16,"28,619"
851631 Electric Hair Dryers,USMCA - U.S.-Mexico-Canada Agreement,Aug-16,"21,326"
851631 Electric Hair Dryers,USMCA - U.S.-Mexico-Canada Agreement,Sep-16,"31,958"
851631 Electric Hair Dryers,USMCA - U.S.-Mexico-Canada Agreement,Oct-16,"6,433"
851631 Electric Hair Dryers,USMCA - U.S.-Mexico-Canada Agreement,Nov-16,"16,104"
851631 Electric Hair Dryers,USMCA - U.S.-Mexico-Canada Agreement,2017,"296,109"
851631 Electric Hair Dryers,USMCA - U.S.-Mexico-Canada Agreement,Jan-17,"29,086"
851631 Electric Hair Dryers,USMCA - U.S.-Mexico-Canada Agreement,Feb-17,"10,703"
851631 Electric Hair Dryers,USMCA - U.S.-Mexico-Canada Agreement,Mar-17,"15,381"
851631 Electric Hair Dryers,USMCA - U.S.-Mexico-Canada Agreement,Apr-17,"30,276"
851631 Electric Hair Dryers,USMCA - U.S.-Mexico-Canada Agreement,May-17,"18,699"
851631 Electric Hair Dryers,USMCA - U.S.-Mexico-Canada Agreement,Jun-17,"59,000"
851631 Electric Hair Dryers,USMCA - U.S.-Mexico-Canada Agreement,Jul-17,"38,351"
851631 Electric Hair Dryers,USMCA - U.S.-Mexico-Canada Agreement,Aug-17,"18,854"
851631 Electric Hair Dryers,USMCA - U.S.-Mexico-Canada Agreement,Sep-17,"11,104"
851631 Electric Hair Dryers,USMCA - U.S.-Mexico-Canada Agreement,Nov-17,"21,737"
851631 Electric Hair Dryers,USMCA - U.S.-Mexico-Canada Agreement,Dec-17,"42,918"
851631 Electric Hair Dryers,USMCA - U.S.-Mexico-Canada Agreement,2018,"891,647"
851631 Electric Hair Dryers,USMCA - U.S.-Mexico-Canada Agreement,Jan-18,"3,509"
851631 Electric Hair Dryers,USMCA - U.S.-Mexico-Canada Agreement,Feb-18,"32,611"
851631 Electric Hair Dryers,USMCA - U.S.-Mexico-Canada Agreement,Mar-18,"13,671"
851631 Electric Hair Dryers,USMCA - U.S.-Mexico-Canada Agreement,Apr-18,"16,487"
851631 Electric Hair Dryers,USMCA - U.S.-Mexico-Canada Agreement,May-18,"29,123"
851631 Electric Hair Dryers,USMCA - U.S.-Mexico-Canada Agreement,Jun-18,"65,410"
851631 Electric Hair Dryers,USMCA - U.S.-Mexico-Canada Agreement,Jul-18,"168,177"
851631 Electric Hair Dryers,USMCA - U.S.-Mexico-Canada Agreement,Aug-18,"164,019"
851631 Electric Hair Dryers,USMCA - U.S.-Mexico-Canada Agreement,Sep-18,"140,286"
851631 Electric Hair Dryers,USMCA - U.S.-Mexico-Canada Agreement,Oct-18,"134,856"
851631 Electric Hair Dryers,USMCA - U.S.-Mexico-Canada Agreement,Nov-18,"57,961"
851631 Electric Hair Dryers,USMCA - U.S.-Mexico-Canada Agreement,Dec-18,"65,537"
851631 Electric Hair Dryers,USMCA - U.S.-Mexico-Canada Agreement,2019,"1,063,988"
851631 Electric Hair Dryers,USMCA - U.S.-Mexico-Canada Agreement,Jan-19,"77,663"
851631 Electric Hair Dryers,USMCA - U.S.-Mexico-Canada Agreement,Feb-19,"67,277"
851631 Electric Hair Dryers,USMCA - U.S.-Mexico-Canada Agreement,Mar-19,"160,450"
851631 Electric Hair Dryers,USMCA - U.S.-Mexico-Canada Agreement,Apr-19,"121,398"
851631 Electric Hair Dryers,USMCA - U.S.-Mexico-Canada Agreement,May-19,"96,734"
851631 Electric Hair Dryers,USMCA - U.S.-Mexico-Canada Agreement,Jun-19,"108,285"
851631 Electric Hair Dryers,USMCA - U.S.-Mexico-Canada Agreement,Jul-19,"80,423"
851631 Electric Hair Dryers,USMCA - U.S.-Mexico-Canada Agreement,Aug-19,"39,239"
851631 Electric Hair Dryers,USMCA - U.S.-Mexico-Canada Agreement,Sep-19,"47,021"
851631 Electric Hair Dryers,USMCA - U.S.-Mexico-Canada Agreement,Oct-19,"84,701"
851631 Electric Hair Dryers,USMCA - U.S.-Mexico-Canada Agreement,Nov-19,"141,108"
851631 Electric Hair Dryers,USMCA - U.S.-Mexico-Canada Agreement,Dec-19,"39,689"
851631 Electric Hair Dryers,USMCA - U.S.-Mexico-Canada Agreement,2020,"877,651"
851631 Electric Hair Dryers,USMCA - U.S.-Mexico-Canada Agreement,Jan-20,"56,813"
851631 Electric Hair Dryers,USMCA - U.S.-Mexico-Canada Agreement,Feb-20,"80,271"
851631 Electric Hair Dryers,USMCA - U.S.-Mexico-Canada Agreement,Mar-20,"75,770"
851631 Electric Hair Dryers,USMCA - U.S.-Mexico-Canada Agreement,Apr-20,"3,608"
851631 Electric Hair Dryers,USMCA - U.S.-Mexico-Canada Agreement,May-20,"7,216"
851631 Electric Hair Dryers,USMCA - U.S.-Mexico-Canada Agreement,Jun-20,"73,061"
851631 Electric Hair Dryers,USMCA - U.S.-Mexico-Canada Agreement,Jul-20,"117,265"
851631 Electric Hair Dryers,USMCA - U.S.-Mexico-Canada Agreement,Aug-20,"90,204"
851631 Electric Hair Dryers,USMCA - U.S.-Mexico-Canada Agreement,Sep-20,"63,142"
851631 Electric Hair Dryers,USMCA - U.S.-Mexico-Canada Agreement,Oct-20,"135,306"
851631 Electric Hair Dryers,USMCA - U.S.-Mexico-Canada Agreement,Nov-20,"110,199"
851631 Electric Hair Dryers,USMCA - U.S.-Mexico-Canada Agreement,Dec-20,"64,796"
851631 Electric Hair Dryers,USMCA - U.S.-Mexico-Canada Agreement,2021,"1,671,321"
851631 Electric Hair Dryers,USMCA - U.S.-Mexico-Canada Agreement,Jan-21,"125,384"
851631 Electric Hair Dryers,USMCA - U.S.-Mexico-Canada Agreement,Feb-21,"137,486"
851631 Electric Hair Dryers,USMCA - U.S.-Mexico-Canada Agreement,Mar-21,"179,957"
851631 Electric Hair Dryers,USMCA - U.S.-Mexico-Canada Agreement,Apr-21,"158,548"
851631 Electric Hair Dryers,USMCA - U.S.-Mexico-Canada Agreement,May-21,"215,244"
851631 Electric Hair Dryers,USMCA - U.S.-Mexico-Canada Agreement,Jun-21,"159,305"
851631 Electric Hair Dryers,USMCA - U.S.-Mexico-Canada Agreement,Jul-21,"136,617"
851631 Electric Hair Dryers,USMCA - U.S.-Mexico-Canada Agreement,Aug-21,"134,666"
851631 Electric Hair Dryers,USMCA - U.S.-Mexico-Canada Agreement,Sep-21,"96,518"
851631 Electric Hair Dryers,USMCA - U.S.-Mexico-Canada Agreement,Oct-21,"128,917"
851631 Electric Hair Dryers,USMCA - U.S.-Mexico-Canada Agreement,Nov-21,"112,985"
851631 Electric Hair Dryers,USMCA - U.S.-Mexico-Canada Agreement,Dec-21,"85,694"
851631 Electric Hair Dryers,USMCA - U.S.-Mexico-Canada Agreement,2022,"4,351,102"
851631 Electric Hair Dryers,USMCA - U.S.-Mexico-Canada Agreement,Jan-22,"244,188"
851631 Electric Hair Dryers,USMCA - U.S.-Mexico-Canada Agreement,Feb-22,"171,388"
851631 Electric Hair Dryers,USMCA - U.S.-Mexico-Canada Agreement,Mar-22,"184,166"
851631 Electric Hair Dryers,USMCA - U.S.-Mexico-Canada Agreement,Apr-22,"99,222"
851631 Electric Hair Dryers,USMCA - U.S.-Mexico-Canada Agreement,May-22,"200,760"
851631 Electric Hair Dryers,USMCA - U.S.-Mexico-Canada Agreement,Jun-22,"72,846"
851631 Electric Hair Dryers,USMCA - U.S.-Mexico-Canada Agreement,Jul-22,"315,869"
851631 Electric Hair Dryers,USMCA - U.S.-Mexico-Canada Agreement,Aug-22,"633,350"
851631 Electric Hair Dryers,USMCA - U.S.-Mexico-Canada Agreement,Sep-22,"670,803"
851631 Electric Hair Dryers,USMCA - U.S.-Mexico-Canada Agreement,Oct-22,"819,639"
851631 Electric Hair Dryers,USMCA - U.S.-Mexico-Canada Agreement,Nov-22,"622,747"
851631 Electric Hair Dryers,USMCA - U.S.-Mexico-Canada Agreement,Dec-22,"316,124"
851631 Electric Hair Dryers,USMCA - U.S.-Mexico-Canada Agreement,2023,"4,822,630"
851631 Electric Hair Dryers,USMCA - U.S.-Mexico-Canada Agreement,Jan-23,"431,780"
851631 Electric Hair Dryers,USMCA - U.S.-Mexico-Canada Agreement,Feb-23,"609,117"
851631 Electric Hair Dryers,USMCA - U.S.-Mexico-Canada Agreement,Mar-23,"544,049"
851631 Electric Hair Dryers,USMCA - U.S.-Mexico-Canada Agreement,Apr-23,"394,303"
851631 Electric Hair Dryers,USMCA - U.S.-Mexico-Canada Agreement,May-23,"354,729"
851631 Electric Hair Dryers,USMCA - U.S.-Mexico-Canada Agreement,Jun-23,"130,690"
851631 Electric Hair Dryers,USMCA - U.S.-Mexico-Canada Agreement,Jul-23,"23,085"
851631 Electric Hair Dryers,USMCA - U.S.-Mexico-Canada Agreement,Aug-23,"274,948"
851631 Electric Hair Dryers,USMCA - U.S.-Mexico-Canada Agreement,Sep-23,"464,438"
851631 Electric Hair Dryers,USMCA - U.S.-Mexico-Canada Agreement,Oct-23,"715,320"
851631 Electric Hair Dryers,USMCA - U.S.-Mexico-Canada Agreement,Nov-23,"609,420"
851631 Electric Hair Dryers,USMCA - U.S.-Mexico-Canada Agreement,Dec-23,"270,751"
851631 Electric Hair Dryers,USMCA - U.S.-Mexico-Canada Agreement,2024,"3,256,945"
851631 Electric Hair Dryers,USMCA - U.S.-Mexico-Canada Agreement,Jan-24,"50,030"
851631 Electric Hair Dryers,USMCA - U.S.-Mexico-Canada Agreement,Mar-24,"187,613"
851631 Electric Hair Dryers,USMCA - U.S.-Mexico-Canada Agreement,Jun-24,"744,573"
851631 Electric Hair Dryers,USMCA - U.S.-Mexico-Canada Agreement,Jul-24,"128,531"
851631 Electric Hair Dryers,USMCA - U.S.-Mexico-Canada Agreement,Aug-24,"301,689"
851631 Electric Hair Dryers,USMCA - U.S.-Mexico-Canada Agreement,Sep-24,"582,323"
851631 Electric Hair Dryers,USMCA - U.S.-Mexico-Canada Agreement,Oct-24,"259,779"
851631 Electric Hair Dryers,USMCA - U.S.-Mexico-Canada Agreement,Nov-24,"738,676"
851631 Electric Hair Dryers,USMCA - U.S.-Mexico-Canada Agreement,Dec-24,"263,731"
851631 Electric Hair Dryers,USMCA - U.S.-Mexico-Canada Agreement,2025 through August,"1,096,715"
851631 Electric Hair Dryers,USMCA - U.S.-Mexico-Canada Agreement,Jan-25,"76,430"
851631 Electric Hair Dryers,USMCA - U.S.-Mexico-Canada Agreement,Feb-25,"3,000"
851631 Electric Hair Dryers,USMCA - U.S.-Mexico-Canada Agreement,Mar-25,"5,725"
851631 Electric Hair Dryers,USMCA - U.S.-Mexico-Canada Agreement,Apr-25,"103,050"
851631 Electric Hair Dryers,USMCA - U.S.-Mexico-Canada Agreement,May-25,"153,179"
851631 Electric Hair Dryers,USMCA - U.S.-Mexico-Canada Agreement,Jun-25,"90,751"
851631 Electric Hair Dryers,USMCA - U.S.-Mexico-Canada Agreement,Jul-25,"504,892"
851631 Electric Hair Dryers,USMCA - U.S.-Mexico-Canada Agreement,Aug-25,"159,688"
